ISO-10303-21;
HEADER;
/* Generated by software containing ST-Developer
 * from STEP Tools, Inc. (www.steptools.com) 
 */

FILE_DESCRIPTION(
/* description */ (''),
/* implementation_level */ '2;1');

FILE_NAME(
/* name */ 'aether pad case split.step',
/* time_stamp */ '2026-05-20T00:17:06-04:00',
/* author */ (''),
/* organization */ (''),
/* preprocessor_version */ 'ST-DEVELOPER v20.1',
/* originating_system */ 'Autodesk Translation Framework v15.8.0.0',
/* authorisation */ '');

FILE_SCHEMA (('AUTOMOTIVE_DESIGN { 1 0 10303 214 3 1 1 }'));
ENDSEC;

DATA;
#10=MECHANICAL_DESIGN_GEOMETRIC_PRESENTATION_REPRESENTATION('',(#13,#14),
#3730);
#11=SHAPE_REPRESENTATION_RELATIONSHIP('SRR','None',#3737,#12);
#12=ADVANCED_BREP_SHAPE_REPRESENTATION('',(#15,#16),#3729);
#13=STYLED_ITEM('',(#3746),#15);
#14=STYLED_ITEM('',(#3746),#16);
#15=MANIFOLD_SOLID_BREP('Body1',#2219);
#16=MANIFOLD_SOLID_BREP('Body4',#2220);
#17=TOROIDAL_SURFACE('',#2291,3.,2.);
#18=TOROIDAL_SURFACE('',#2309,3.,2.);
#19=TOROIDAL_SURFACE('',#2402,3.,2.);
#20=TOROIDAL_SURFACE('',#2408,3.,2.);
#21=TOROIDAL_SURFACE('',#2417,3.,2.);
#22=TOROIDAL_SURFACE('',#2422,3.,2.);
#23=TOROIDAL_SURFACE('',#2434,3.,2.);
#24=TOROIDAL_SURFACE('',#2440,3.,2.);
#25=SPHERICAL_SURFACE('',#2282,2.);
#26=SPHERICAL_SURFACE('',#2285,2.);
#27=SPHERICAL_SURFACE('',#2302,2.);
#28=SPHERICAL_SURFACE('',#2305,2.);
#29=ELLIPSE('',#2272,2.82842712474619,2.);
#30=ELLIPSE('',#2273,2.82842712474619,2.);
#31=ELLIPSE('',#2276,2.82842712474619,2.);
#32=ELLIPSE('',#2277,2.82842712474618,2.);
#33=ELLIPSE('',#2316,2.82842712474619,2.);
#34=ELLIPSE('',#2317,2.82842712474618,2.);
#35=ELLIPSE('',#2319,2.8284271247462,2.);
#36=ELLIPSE('',#2320,2.82842712474619,2.);
#37=ELLIPSE('',#2384,2.82842712474619,2.);
#38=ELLIPSE('',#2385,2.82842712474619,2.);
#39=ELLIPSE('',#2431,2.82842712474619,2.);
#40=ELLIPSE('',#2438,2.82842712474618,2.);
#41=FACE_BOUND('',#263,.T.);
#42=FACE_BOUND('',#264,.T.);
#43=FACE_BOUND('',#265,.T.);
#44=FACE_BOUND('',#266,.T.);
#45=FACE_BOUND('',#267,.T.);
#46=FACE_BOUND('',#268,.T.);
#47=FACE_BOUND('',#269,.T.);
#48=FACE_BOUND('',#270,.T.);
#49=FACE_BOUND('',#271,.T.);
#50=FACE_BOUND('',#308,.T.);
#51=FACE_BOUND('',#309,.T.);
#52=FACE_BOUND('',#310,.T.);
#53=FACE_BOUND('',#311,.T.);
#54=FACE_BOUND('',#312,.T.);
#55=FACE_BOUND('',#329,.T.);
#56=FACE_BOUND('',#360,.T.);
#57=FACE_BOUND('',#367,.T.);
#58=PLANE('',#2237);
#59=PLANE('',#2238);
#60=PLANE('',#2255);
#61=PLANE('',#2258);
#62=PLANE('',#2261);
#63=PLANE('',#2264);
#64=PLANE('',#2267);
#65=PLANE('',#2268);
#66=PLANE('',#2269);
#67=PLANE('',#2270);
#68=PLANE('',#2271);
#69=PLANE('',#2274);
#70=PLANE('',#2280);
#71=PLANE('',#2299);
#72=PLANE('',#2314);
#73=PLANE('',#2323);
#74=PLANE('',#2324);
#75=PLANE('',#2325);
#76=PLANE('',#2326);
#77=PLANE('',#2329);
#78=PLANE('',#2332);
#79=PLANE('',#2333);
#80=PLANE('',#2338);
#81=PLANE('',#2339);
#82=PLANE('',#2340);
#83=PLANE('',#2341);
#84=PLANE('',#2342);
#85=PLANE('',#2343);
#86=PLANE('',#2344);
#87=PLANE('',#2345);
#88=PLANE('',#2346);
#89=PLANE('',#2347);
#90=PLANE('',#2348);
#91=PLANE('',#2349);
#92=PLANE('',#2350);
#93=PLANE('',#2351);
#94=PLANE('',#2352);
#95=PLANE('',#2353);
#96=PLANE('',#2354);
#97=PLANE('',#2355);
#98=PLANE('',#2356);
#99=PLANE('',#2357);
#100=PLANE('',#2358);
#101=PLANE('',#2359);
#102=PLANE('',#2360);
#103=PLANE('',#2361);
#104=PLANE('',#2362);
#105=PLANE('',#2363);
#106=PLANE('',#2364);
#107=PLANE('',#2365);
#108=PLANE('',#2366);
#109=PLANE('',#2367);
#110=PLANE('',#2368);
#111=PLANE('',#2369);
#112=PLANE('',#2370);
#113=PLANE('',#2371);
#114=PLANE('',#2372);
#115=PLANE('',#2373);
#116=PLANE('',#2374);
#117=PLANE('',#2381);
#118=PLANE('',#2383);
#119=PLANE('',#2386);
#120=PLANE('',#2390);
#121=PLANE('',#2393);
#122=PLANE('',#2396);
#123=PLANE('',#2397);
#124=PLANE('',#2398);
#125=PLANE('',#2399);
#126=PLANE('',#2413);
#127=PLANE('',#2414);
#128=PLANE('',#2426);
#129=PLANE('',#2428);
#130=PLANE('',#2442);
#131=PLANE('',#2443);
#132=PLANE('',#2444);
#133=FACE_OUTER_BOUND('',#260,.T.);
#134=FACE_OUTER_BOUND('',#261,.T.);
#135=FACE_OUTER_BOUND('',#262,.T.);
#136=FACE_OUTER_BOUND('',#272,.T.);
#137=FACE_OUTER_BOUND('',#273,.T.);
#138=FACE_OUTER_BOUND('',#274,.T.);
#139=FACE_OUTER_BOUND('',#275,.T.);
#140=FACE_OUTER_BOUND('',#276,.T.);
#141=FACE_OUTER_BOUND('',#277,.T.);
#142=FACE_OUTER_BOUND('',#278,.T.);
#143=FACE_OUTER_BOUND('',#279,.T.);
#144=FACE_OUTER_BOUND('',#280,.T.);
#145=FACE_OUTER_BOUND('',#281,.T.);
#146=FACE_OUTER_BOUND('',#282,.T.);
#147=FACE_OUTER_BOUND('',#283,.T.);
#148=FACE_OUTER_BOUND('',#284,.T.);
#149=FACE_OUTER_BOUND('',#285,.T.);
#150=FACE_OUTER_BOUND('',#286,.T.);
#151=FACE_OUTER_BOUND('',#287,.T.);
#152=FACE_OUTER_BOUND('',#288,.T.);
#153=FACE_OUTER_BOUND('',#289,.T.);
#154=FACE_OUTER_BOUND('',#290,.T.);
#155=FACE_OUTER_BOUND('',#291,.T.);
#156=FACE_OUTER_BOUND('',#292,.T.);
#157=FACE_OUTER_BOUND('',#293,.T.);
#158=FACE_OUTER_BOUND('',#294,.T.);
#159=FACE_OUTER_BOUND('',#295,.T.);
#160=FACE_OUTER_BOUND('',#296,.T.);
#161=FACE_OUTER_BOUND('',#297,.T.);
#162=FACE_OUTER_BOUND('',#298,.T.);
#163=FACE_OUTER_BOUND('',#299,.T.);
#164=FACE_OUTER_BOUND('',#300,.T.);
#165=FACE_OUTER_BOUND('',#301,.T.);
#166=FACE_OUTER_BOUND('',#302,.T.);
#167=FACE_OUTER_BOUND('',#303,.T.);
#168=FACE_OUTER_BOUND('',#304,.T.);
#169=FACE_OUTER_BOUND('',#305,.T.);
#170=FACE_OUTER_BOUND('',#306,.T.);
#171=FACE_OUTER_BOUND('',#307,.T.);
#172=FACE_OUTER_BOUND('',#313,.T.);
#173=FACE_OUTER_BOUND('',#314,.T.);
#174=FACE_OUTER_BOUND('',#315,.T.);
#175=FACE_OUTER_BOUND('',#316,.T.);
#176=FACE_OUTER_BOUND('',#317,.T.);
#177=FACE_OUTER_BOUND('',#318,.T.);
#178=FACE_OUTER_BOUND('',#319,.T.);
#179=FACE_OUTER_BOUND('',#320,.T.);
#180=FACE_OUTER_BOUND('',#321,.T.);
#181=FACE_OUTER_BOUND('',#322,.T.);
#182=FACE_OUTER_BOUND('',#323,.T.);
#183=FACE_OUTER_BOUND('',#324,.T.);
#184=FACE_OUTER_BOUND('',#325,.T.);
#185=FACE_OUTER_BOUND('',#326,.T.);
#186=FACE_OUTER_BOUND('',#327,.T.);
#187=FACE_OUTER_BOUND('',#328,.T.);
#188=FACE_OUTER_BOUND('',#330,.T.);
#189=FACE_OUTER_BOUND('',#331,.T.);
#190=FACE_OUTER_BOUND('',#332,.T.);
#191=FACE_OUTER_BOUND('',#333,.T.);
#192=FACE_OUTER_BOUND('',#334,.T.);
#193=FACE_OUTER_BOUND('',#335,.T.);
#194=FACE_OUTER_BOUND('',#336,.T.);
#195=FACE_OUTER_BOUND('',#337,.T.);
#196=FACE_OUTER_BOUND('',#338,.T.);
#197=FACE_OUTER_BOUND('',#339,.T.);
#198=FACE_OUTER_BOUND('',#340,.T.);
#199=FACE_OUTER_BOUND('',#341,.T.);
#200=FACE_OUTER_BOUND('',#342,.T.);
#201=FACE_OUTER_BOUND('',#343,.T.);
#202=FACE_OUTER_BOUND('',#344,.T.);
#203=FACE_OUTER_BOUND('',#345,.T.);
#204=FACE_OUTER_BOUND('',#346,.T.);
#205=FACE_OUTER_BOUND('',#347,.T.);
#206=FACE_OUTER_BOUND('',#348,.T.);
#207=FACE_OUTER_BOUND('',#349,.T.);
#208=FACE_OUTER_BOUND('',#350,.T.);
#209=FACE_OUTER_BOUND('',#351,.T.);
#210=FACE_OUTER_BOUND('',#352,.T.);
#211=FACE_OUTER_BOUND('',#353,.T.);
#212=FACE_OUTER_BOUND('',#354,.T.);
#213=FACE_OUTER_BOUND('',#355,.T.);
#214=FACE_OUTER_BOUND('',#356,.T.);
#215=FACE_OUTER_BOUND('',#357,.T.);
#216=FACE_OUTER_BOUND('',#358,.T.);
#217=FACE_OUTER_BOUND('',#359,.T.);
#218=FACE_OUTER_BOUND('',#361,.T.);
#219=FACE_OUTER_BOUND('',#362,.T.);
#220=FACE_OUTER_BOUND('',#363,.T.);
#221=FACE_OUTER_BOUND('',#364,.T.);
#222=FACE_OUTER_BOUND('',#365,.T.);
#223=FACE_OUTER_BOUND('',#366,.T.);
#224=FACE_OUTER_BOUND('',#368,.T.);
#225=FACE_OUTER_BOUND('',#369,.T.);
#226=FACE_OUTER_BOUND('',#370,.T.);
#227=FACE_OUTER_BOUND('',#371,.T.);
#228=FACE_OUTER_BOUND('',#372,.T.);
#229=FACE_OUTER_BOUND('',#373,.T.);
#230=FACE_OUTER_BOUND('',#374,.T.);
#231=FACE_OUTER_BOUND('',#375,.T.);
#232=FACE_OUTER_BOUND('',#376,.T.);
#233=FACE_OUTER_BOUND('',#377,.T.);
#234=FACE_OUTER_BOUND('',#378,.T.);
#235=FACE_OUTER_BOUND('',#379,.T.);
#236=FACE_OUTER_BOUND('',#380,.T.);
#237=FACE_OUTER_BOUND('',#381,.T.);
#238=FACE_OUTER_BOUND('',#382,.T.);
#239=FACE_OUTER_BOUND('',#383,.T.);
#240=FACE_OUTER_BOUND('',#384,.T.);
#241=FACE_OUTER_BOUND('',#385,.T.);
#242=FACE_OUTER_BOUND('',#386,.T.);
#243=FACE_OUTER_BOUND('',#387,.T.);
#244=FACE_OUTER_BOUND('',#388,.T.);
#245=FACE_OUTER_BOUND('',#389,.T.);
#246=FACE_OUTER_BOUND('',#390,.T.);
#247=FACE_OUTER_BOUND('',#391,.T.);
#248=FACE_OUTER_BOUND('',#392,.T.);
#249=FACE_OUTER_BOUND('',#393,.T.);
#250=FACE_OUTER_BOUND('',#394,.T.);
#251=FACE_OUTER_BOUND('',#395,.T.);
#252=FACE_OUTER_BOUND('',#396,.T.);
#253=FACE_OUTER_BOUND('',#397,.T.);
#254=FACE_OUTER_BOUND('',#398,.T.);
#255=FACE_OUTER_BOUND('',#399,.T.);
#256=FACE_OUTER_BOUND('',#400,.T.);
#257=FACE_OUTER_BOUND('',#401,.T.);
#258=FACE_OUTER_BOUND('',#402,.T.);
#259=FACE_OUTER_BOUND('',#403,.T.);
#260=EDGE_LOOP('',(#1432,#1433,#1434,#1435));
#261=EDGE_LOOP('',(#1436,#1437,#1438,#1439));
#262=EDGE_LOOP('',(#1440,#1441,#1442,#1443));
#263=EDGE_LOOP('',(#1444));
#264=EDGE_LOOP('',(#1445));
#265=EDGE_LOOP('',(#1446));
#266=EDGE_LOOP('',(#1447));
#267=EDGE_LOOP('',(#1448));
#268=EDGE_LOOP('',(#1449));
#269=EDGE_LOOP('',(#1450));
#270=EDGE_LOOP('',(#1451,#1452,#1453,#1454));
#271=EDGE_LOOP('',(#1455));
#272=EDGE_LOOP('',(#1456,#1457,#1458,#1459));
#273=EDGE_LOOP('',(#1460,#1461,#1462,#1463));
#274=EDGE_LOOP('',(#1464,#1465,#1466,#1467));
#275=EDGE_LOOP('',(#1468,#1469,#1470,#1471));
#276=EDGE_LOOP('',(#1472));
#277=EDGE_LOOP('',(#1473,#1474,#1475,#1476));
#278=EDGE_LOOP('',(#1477));
#279=EDGE_LOOP('',(#1478,#1479,#1480,#1481));
#280=EDGE_LOOP('',(#1482));
#281=EDGE_LOOP('',(#1483,#1484,#1485,#1486));
#282=EDGE_LOOP('',(#1487));
#283=EDGE_LOOP('',(#1488,#1489,#1490,#1491));
#284=EDGE_LOOP('',(#1492,#1493,#1494));
#285=EDGE_LOOP('',(#1495,#1496,#1497));
#286=EDGE_LOOP('',(#1498,#1499,#1500,#1501));
#287=EDGE_LOOP('',(#1502,#1503,#1504));
#288=EDGE_LOOP('',(#1505,#1506,#1507,#1508,#1509,#1510));
#289=EDGE_LOOP('',(#1511,#1512,#1513));
#290=EDGE_LOOP('',(#1514,#1515,#1516,#1517));
#291=EDGE_LOOP('',(#1518,#1519,#1520,#1521,#1522));
#292=EDGE_LOOP('',(#1523,#1524,#1525,#1526,#1527,#1528));
#293=EDGE_LOOP('',(#1529,#1530,#1531));
#294=EDGE_LOOP('',(#1532,#1533,#1534));
#295=EDGE_LOOP('',(#1535,#1536,#1537,#1538));
#296=EDGE_LOOP('',(#1539,#1540,#1541,#1542));
#297=EDGE_LOOP('',(#1543,#1544,#1545,#1546));
#298=EDGE_LOOP('',(#1547,#1548,#1549,#1550));
#299=EDGE_LOOP('',(#1551,#1552,#1553,#1554));
#300=EDGE_LOOP('',(#1555,#1556,#1557,#1558));
#301=EDGE_LOOP('',(#1559,#1560,#1561,#1562));
#302=EDGE_LOOP('',(#1563,#1564,#1565));
#303=EDGE_LOOP('',(#1566,#1567,#1568));
#304=EDGE_LOOP('',(#1569,#1570,#1571,#1572));
#305=EDGE_LOOP('',(#1573,#1574,#1575,#1576));
#306=EDGE_LOOP('',(#1577,#1578,#1579,#1580));
#307=EDGE_LOOP('',(#1581,#1582,#1583,#1584));
#308=EDGE_LOOP('',(#1585));
#309=EDGE_LOOP('',(#1586));
#310=EDGE_LOOP('',(#1587));
#311=EDGE_LOOP('',(#1588));
#312=EDGE_LOOP('',(#1589,#1590,#1591,#1592));
#313=EDGE_LOOP('',(#1593,#1594,#1595,#1596));
#314=EDGE_LOOP('',(#1597,#1598,#1599,#1600));
#315=EDGE_LOOP('',(#1601,#1602,#1603,#1604));
#316=EDGE_LOOP('',(#1605,#1606,#1607,#1608));
#317=EDGE_LOOP('',(#1609,#1610,#1611,#1612,#1613));
#318=EDGE_LOOP('',(#1614,#1615,#1616,#1617,#1618,#1619,#1620,#1621));
#319=EDGE_LOOP('',(#1622,#1623,#1624,#1625));
#320=EDGE_LOOP('',(#1626,#1627,#1628,#1629,#1630));
#321=EDGE_LOOP('',(#1631,#1632,#1633,#1634));
#322=EDGE_LOOP('',(#1635,#1636,#1637,#1638));
#323=EDGE_LOOP('',(#1639,#1640,#1641,#1642));
#324=EDGE_LOOP('',(#1643,#1644,#1645,#1646,#1647,#1648,#1649,#1650));
#325=EDGE_LOOP('',(#1651,#1652,#1653,#1654,#1655,#1656));
#326=EDGE_LOOP('',(#1657,#1658,#1659,#1660));
#327=EDGE_LOOP('',(#1661,#1662,#1663,#1664,#1665));
#328=EDGE_LOOP('',(#1666,#1667,#1668,#1669,#1670,#1671,#1672,#1673,#1674,
#1675,#1676,#1677,#1678,#1679));
#329=EDGE_LOOP('',(#1680,#1681,#1682,#1683,#1684,#1685,#1686,#1687));
#330=EDGE_LOOP('',(#1688,#1689,#1690,#1691));
#331=EDGE_LOOP('',(#1692,#1693,#1694,#1695,#1696));
#332=EDGE_LOOP('',(#1697,#1698,#1699,#1700));
#333=EDGE_LOOP('',(#1701,#1702,#1703,#1704,#1705));
#334=EDGE_LOOP('',(#1706,#1707,#1708,#1709));
#335=EDGE_LOOP('',(#1710,#1711,#1712,#1713));
#336=EDGE_LOOP('',(#1714,#1715,#1716,#1717));
#337=EDGE_LOOP('',(#1718,#1719,#1720,#1721));
#338=EDGE_LOOP('',(#1722,#1723,#1724,#1725,#1726));
#339=EDGE_LOOP('',(#1727,#1728,#1729,#1730));
#340=EDGE_LOOP('',(#1731,#1732,#1733,#1734,#1735));
#341=EDGE_LOOP('',(#1736,#1737,#1738,#1739));
#342=EDGE_LOOP('',(#1740,#1741,#1742,#1743));
#343=EDGE_LOOP('',(#1744,#1745,#1746,#1747));
#344=EDGE_LOOP('',(#1748,#1749,#1750,#1751));
#345=EDGE_LOOP('',(#1752,#1753,#1754,#1755));
#346=EDGE_LOOP('',(#1756,#1757,#1758,#1759));
#347=EDGE_LOOP('',(#1760,#1761,#1762,#1763));
#348=EDGE_LOOP('',(#1764,#1765,#1766,#1767));
#349=EDGE_LOOP('',(#1768,#1769,#1770,#1771,#1772));
#350=EDGE_LOOP('',(#1773,#1774,#1775,#1776,#1777));
#351=EDGE_LOOP('',(#1778,#1779,#1780,#1781));
#352=EDGE_LOOP('',(#1782,#1783,#1784,#1785));
#353=EDGE_LOOP('',(#1786,#1787,#1788,#1789));
#354=EDGE_LOOP('',(#1790,#1791,#1792,#1793));
#355=EDGE_LOOP('',(#1794,#1795,#1796,#1797));
#356=EDGE_LOOP('',(#1798,#1799,#1800,#1801,#1802));
#357=EDGE_LOOP('',(#1803,#1804,#1805,#1806,#1807));
#358=EDGE_LOOP('',(#1808,#1809,#1810,#1811));
#359=EDGE_LOOP('',(#1812,#1813,#1814,#1815,#1816,#1817,#1818,#1819,#1820,
#1821,#1822,#1823,#1824,#1825,#1826,#1827,#1828,#1829,#1830,#1831,#1832,
#1833,#1834,#1835));
#360=EDGE_LOOP('',(#1836,#1837,#1838,#1839));
#361=EDGE_LOOP('',(#1840,#1841,#1842,#1843));
#362=EDGE_LOOP('',(#1844,#1845,#1846,#1847,#1848));
#363=EDGE_LOOP('',(#1849,#1850,#1851,#1852));
#364=EDGE_LOOP('',(#1853,#1854,#1855,#1856,#1857));
#365=EDGE_LOOP('',(#1858,#1859,#1860,#1861));
#366=EDGE_LOOP('',(#1862,#1863,#1864,#1865,#1866,#1867,#1868,#1869,#1870,
#1871,#1872,#1873,#1874,#1875));
#367=EDGE_LOOP('',(#1876,#1877,#1878,#1879,#1880,#1881,#1882,#1883,#1884,
#1885,#1886,#1887,#1888,#1889,#1890,#1891,#1892,#1893));
#368=EDGE_LOOP('',(#1894,#1895,#1896,#1897,#1898));
#369=EDGE_LOOP('',(#1899,#1900,#1901,#1902,#1903,#1904));
#370=EDGE_LOOP('',(#1905,#1906,#1907,#1908,#1909));
#371=EDGE_LOOP('',(#1910,#1911,#1912,#1913));
#372=EDGE_LOOP('',(#1914,#1915,#1916,#1917));
#373=EDGE_LOOP('',(#1918,#1919,#1920,#1921));
#374=EDGE_LOOP('',(#1922,#1923,#1924,#1925,#1926,#1927));
#375=EDGE_LOOP('',(#1928,#1929,#1930,#1931));
#376=EDGE_LOOP('',(#1932,#1933,#1934,#1935));
#377=EDGE_LOOP('',(#1936,#1937,#1938,#1939));
#378=EDGE_LOOP('',(#1940,#1941,#1942,#1943));
#379=EDGE_LOOP('',(#1944,#1945,#1946,#1947));
#380=EDGE_LOOP('',(#1948,#1949,#1950,#1951));
#381=EDGE_LOOP('',(#1952,#1953,#1954,#1955));
#382=EDGE_LOOP('',(#1956,#1957,#1958,#1959));
#383=EDGE_LOOP('',(#1960,#1961,#1962,#1963));
#384=EDGE_LOOP('',(#1964,#1965,#1966,#1967));
#385=EDGE_LOOP('',(#1968,#1969,#1970,#1971,#1972,#1973));
#386=EDGE_LOOP('',(#1974,#1975,#1976,#1977));
#387=EDGE_LOOP('',(#1978,#1979,#1980,#1981));
#388=EDGE_LOOP('',(#1982,#1983,#1984,#1985));
#389=EDGE_LOOP('',(#1986,#1987,#1988,#1989));
#390=EDGE_LOOP('',(#1990,#1991,#1992,#1993));
#391=EDGE_LOOP('',(#1994,#1995,#1996,#1997,#1998,#1999,#2000,#2001));
#392=EDGE_LOOP('',(#2002,#2003,#2004,#2005));
#393=EDGE_LOOP('',(#2006,#2007,#2008,#2009));
#394=EDGE_LOOP('',(#2010,#2011,#2012,#2013,#2014));
#395=EDGE_LOOP('',(#2015,#2016,#2017,#2018));
#396=EDGE_LOOP('',(#2019,#2020,#2021,#2022));
#397=EDGE_LOOP('',(#2023,#2024,#2025,#2026,#2027));
#398=EDGE_LOOP('',(#2028,#2029,#2030,#2031));
#399=EDGE_LOOP('',(#2032,#2033,#2034,#2035));
#400=EDGE_LOOP('',(#2036,#2037,#2038,#2039));
#401=EDGE_LOOP('',(#2040,#2041,#2042,#2043));
#402=EDGE_LOOP('',(#2044,#2045,#2046,#2047));
#403=EDGE_LOOP('',(#2048,#2049,#2050,#2051));
#404=LINE('',#3101,#630);
#405=LINE('',#3104,#631);
#406=LINE('',#3108,#632);
#407=LINE('',#3110,#633);
#408=LINE('',#3112,#634);
#409=LINE('',#3113,#635);
#410=LINE('',#3116,#636);
#411=LINE('',#3118,#637);
#412=LINE('',#3119,#638);
#413=LINE('',#3136,#639);
#414=LINE('',#3138,#640);
#415=LINE('',#3140,#641);
#416=LINE('',#3141,#642);
#417=LINE('',#3147,#643);
#418=LINE('',#3151,#644);
#419=LINE('',#3155,#645);
#420=LINE('',#3159,#646);
#421=LINE('',#3164,#647);
#422=LINE('',#3169,#648);
#423=LINE('',#3174,#649);
#424=LINE('',#3179,#650);
#425=LINE('',#3183,#651);
#426=LINE('',#3185,#652);
#427=LINE('',#3186,#653);
#428=LINE('',#3190,#654);
#429=LINE('',#3192,#655);
#430=LINE('',#3193,#656);
#431=LINE('',#3195,#657);
#432=LINE('',#3196,#658);
#433=LINE('',#3200,#659);
#434=LINE('',#3202,#660);
#435=LINE('',#3203,#661);
#436=LINE('',#3206,#662);
#437=LINE('',#3210,#663);
#438=LINE('',#3213,#664);
#439=LINE('',#3216,#665);
#440=LINE('',#3217,#666);
#441=LINE('',#3221,#667);
#442=LINE('',#3227,#668);
#443=LINE('',#3231,#669);
#444=LINE('',#3233,#670);
#445=LINE('',#3237,#671);
#446=LINE('',#3239,#672);
#447=LINE('',#3240,#673);
#448=LINE('',#3253,#674);
#449=LINE('',#3261,#675);
#450=LINE('',#3263,#676);
#451=LINE('',#3268,#677);
#452=LINE('',#3269,#678);
#453=LINE('',#3272,#679);
#454=LINE('',#3273,#680);
#455=LINE('',#3277,#681);
#456=LINE('',#3287,#682);
#457=LINE('',#3288,#683);
#458=LINE('',#3296,#684);
#459=LINE('',#3300,#685);
#460=LINE('',#3302,#686);
#461=LINE('',#3304,#687);
#462=LINE('',#3305,#688);
#463=LINE('',#3317,#689);
#464=LINE('',#3318,#690);
#465=LINE('',#3319,#691);
#466=LINE('',#3322,#692);
#467=LINE('',#3323,#693);
#468=LINE('',#3324,#694);
#469=LINE('',#3327,#695);
#470=LINE('',#3328,#696);
#471=LINE('',#3330,#697);
#472=LINE('',#3334,#698);
#473=LINE('',#3337,#699);
#474=LINE('',#3338,#700);
#475=LINE('',#3342,#701);
#476=LINE('',#3346,#702);
#477=LINE('',#3347,#703);
#478=LINE('',#3348,#704);
#479=LINE('',#3349,#705);
#480=LINE('',#3352,#706);
#481=LINE('',#3353,#707);
#482=LINE('',#3362,#708);
#483=LINE('',#3364,#709);
#484=LINE('',#3366,#710);
#485=LINE('',#3367,#711);
#486=LINE('',#3371,#712);
#487=LINE('',#3372,#713);
#488=LINE('',#3374,#714);
#489=LINE('',#3375,#715);
#490=LINE('',#3378,#716);
#491=LINE('',#3380,#717);
#492=LINE('',#3381,#718);
#493=LINE('',#3384,#719);
#494=LINE('',#3385,#720);
#495=LINE('',#3386,#721);
#496=LINE('',#3390,#722);
#497=LINE('',#3392,#723);
#498=LINE('',#3393,#724);
#499=LINE('',#3396,#725);
#500=LINE('',#3398,#726);
#501=LINE('',#3399,#727);
#502=LINE('',#3403,#728);
#503=LINE('',#3405,#729);
#504=LINE('',#3407,#730);
#505=LINE('',#3408,#731);
#506=LINE('',#3412,#732);
#507=LINE('',#3413,#733);
#508=LINE('',#3415,#734);
#509=LINE('',#3416,#735);
#510=LINE('',#3419,#736);
#511=LINE('',#3421,#737);
#512=LINE('',#3422,#738);
#513=LINE('',#3425,#739);
#514=LINE('',#3426,#740);
#515=LINE('',#3427,#741);
#516=LINE('',#3431,#742);
#517=LINE('',#3433,#743);
#518=LINE('',#3434,#744);
#519=LINE('',#3437,#745);
#520=LINE('',#3439,#746);
#521=LINE('',#3440,#747);
#522=LINE('',#3444,#748);
#523=LINE('',#3446,#749);
#524=LINE('',#3448,#750);
#525=LINE('',#3449,#751);
#526=LINE('',#3452,#752);
#527=LINE('',#3454,#753);
#528=LINE('',#3455,#754);
#529=LINE('',#3458,#755);
#530=LINE('',#3460,#756);
#531=LINE('',#3461,#757);
#532=LINE('',#3463,#758);
#533=LINE('',#3464,#759);
#534=LINE('',#3468,#760);
#535=LINE('',#3470,#761);
#536=LINE('',#3472,#762);
#537=LINE('',#3473,#763);
#538=LINE('',#3476,#764);
#539=LINE('',#3478,#765);
#540=LINE('',#3480,#766);
#541=LINE('',#3481,#767);
#542=LINE('',#3484,#768);
#543=LINE('',#3486,#769);
#544=LINE('',#3487,#770);
#545=LINE('',#3489,#771);
#546=LINE('',#3490,#772);
#547=LINE('',#3495,#773);
#548=LINE('',#3497,#774);
#549=LINE('',#3499,#775);
#550=LINE('',#3500,#776);
#551=LINE('',#3502,#777);
#552=LINE('',#3504,#778);
#553=LINE('',#3505,#779);
#554=LINE('',#3509,#780);
#555=LINE('',#3510,#781);
#556=LINE('',#3512,#782);
#557=LINE('',#3513,#783);
#558=LINE('',#3515,#784);
#559=LINE('',#3516,#785);
#560=LINE('',#3520,#786);
#561=LINE('',#3522,#787);
#562=LINE('',#3524,#788);
#563=LINE('',#3526,#789);
#564=LINE('',#3527,#790);
#565=LINE('',#3529,#791);
#566=LINE('',#3531,#792);
#567=LINE('',#3533,#793);
#568=LINE('',#3535,#794);
#569=LINE('',#3536,#795);
#570=LINE('',#3539,#796);
#571=LINE('',#3541,#797);
#572=LINE('',#3543,#798);
#573=LINE('',#3544,#799);
#574=LINE('',#3547,#800);
#575=LINE('',#3548,#801);
#576=LINE('',#3551,#802);
#577=LINE('',#3552,#803);
#578=LINE('',#3554,#804);
#579=LINE('',#3555,#805);
#580=LINE('',#3562,#806);
#581=LINE('',#3566,#807);
#582=LINE('',#3570,#808);
#583=LINE('',#3572,#809);
#584=LINE('',#3574,#810);
#585=LINE('',#3578,#811);
#586=LINE('',#3582,#812);
#587=LINE('',#3585,#813);
#588=LINE('',#3587,#814);
#589=LINE('',#3589,#815);
#590=LINE('',#3591,#816);
#591=LINE('',#3593,#817);
#592=LINE('',#3594,#818);
#593=LINE('',#3596,#819);
#594=LINE('',#3597,#820);
#595=LINE('',#3600,#821);
#596=LINE('',#3602,#822);
#597=LINE('',#3605,#823);
#598=LINE('',#3608,#824);
#599=LINE('',#3612,#825);
#600=LINE('',#3616,#826);
#601=LINE('',#3619,#827);
#602=LINE('',#3622,#828);
#603=LINE('',#3626,#829);
#604=LINE('',#3627,#830);
#605=LINE('',#3630,#831);
#606=LINE('',#3634,#832);
#607=LINE('',#3638,#833);
#608=LINE('',#3641,#834);
#609=LINE('',#3642,#835);
#610=LINE('',#3644,#836);
#611=LINE('',#3646,#837);
#612=LINE('',#3650,#838);
#613=LINE('',#3653,#839);
#614=LINE('',#3664,#840);
#615=LINE('',#3665,#841);
#616=LINE('',#3673,#842);
#617=LINE('',#3674,#843);
#618=LINE('',#3677,#844);
#619=LINE('',#3678,#845);
#620=LINE('',#3682,#846);
#621=LINE('',#3691,#847);
#622=LINE('',#3696,#848);
#623=LINE('',#3700,#849);
#624=LINE('',#3702,#850);
#625=LINE('',#3704,#851);
#626=LINE('',#3705,#852);
#627=LINE('',#3706,#853);
#628=LINE('',#3708,#854);
#629=LINE('',#3724,#855);
#630=VECTOR('',#2451,10.);
#631=VECTOR('',#2454,10.);
#632=VECTOR('',#2457,10.);
#633=VECTOR('',#2458,10.);
#634=VECTOR('',#2459,10.);
#635=VECTOR('',#2460,10.);
#636=VECTOR('',#2463,10.);
#637=VECTOR('',#2464,10.);
#638=VECTOR('',#2465,10.);
#639=VECTOR('',#2480,10.);
#640=VECTOR('',#2481,10.);
#641=VECTOR('',#2482,10.);
#642=VECTOR('',#2483,10.);
#643=VECTOR('',#2490,10.);
#644=VECTOR('',#2495,1.5);
#645=VECTOR('',#2500,1.49999999999999);
#646=VECTOR('',#2505,1.5);
#647=VECTOR('',#2512,2.99999999999999);
#648=VECTOR('',#2519,2.99999999999999);
#649=VECTOR('',#2526,3.00000000000001);
#650=VECTOR('',#2533,2.99999999999999);
#651=VECTOR('',#2536,10.);
#652=VECTOR('',#2537,10.);
#653=VECTOR('',#2538,10.);
#654=VECTOR('',#2541,10.);
#655=VECTOR('',#2542,10.);
#656=VECTOR('',#2543,10.);
#657=VECTOR('',#2546,10.);
#658=VECTOR('',#2547,10.);
#659=VECTOR('',#2550,10.);
#660=VECTOR('',#2551,10.);
#661=VECTOR('',#2552,10.);
#662=VECTOR('',#2555,10.);
#663=VECTOR('',#2558,10.);
#664=VECTOR('',#2561,10.);
#665=VECTOR('',#2564,10.);
#666=VECTOR('',#2565,10.);
#667=VECTOR('',#2568,10.);
#668=VECTOR('',#2577,10.);
#669=VECTOR('',#2580,10.);
#670=VECTOR('',#2581,10.);
#671=VECTOR('',#2584,10.);
#672=VECTOR('',#2585,10.);
#673=VECTOR('',#2586,10.);
#674=VECTOR('',#2605,10.);
#675=VECTOR('',#2616,10.);
#676=VECTOR('',#2619,10.);
#677=VECTOR('',#2624,10.);
#678=VECTOR('',#2625,10.);
#679=VECTOR('',#2628,10.);
#680=VECTOR('',#2629,10.);
#681=VECTOR('',#2634,10.);
#682=VECTOR('',#2649,10.);
#683=VECTOR('',#2650,10.);
#684=VECTOR('',#2661,10.);
#685=VECTOR('',#2664,10.);
#686=VECTOR('',#2665,10.);
#687=VECTOR('',#2666,10.);
#688=VECTOR('',#2667,10.);
#689=VECTOR('',#2686,10.);
#690=VECTOR('',#2687,10.);
#691=VECTOR('',#2688,10.);
#692=VECTOR('',#2691,10.);
#693=VECTOR('',#2692,10.);
#694=VECTOR('',#2693,10.);
#695=VECTOR('',#2696,10.);
#696=VECTOR('',#2697,10.);
#697=VECTOR('',#2700,10.);
#698=VECTOR('',#2705,10.);
#699=VECTOR('',#2708,10.);
#700=VECTOR('',#2709,10.);
#701=VECTOR('',#2714,10.);
#702=VECTOR('',#2717,10.);
#703=VECTOR('',#2718,10.);
#704=VECTOR('',#2719,10.);
#705=VECTOR('',#2720,10.);
#706=VECTOR('',#2723,10.);
#707=VECTOR('',#2724,10.);
#708=VECTOR('',#2737,10.);
#709=VECTOR('',#2738,10.);
#710=VECTOR('',#2739,10.);
#711=VECTOR('',#2740,10.);
#712=VECTOR('',#2743,10.);
#713=VECTOR('',#2744,10.);
#714=VECTOR('',#2745,10.);
#715=VECTOR('',#2746,10.);
#716=VECTOR('',#2749,10.);
#717=VECTOR('',#2750,10.);
#718=VECTOR('',#2751,10.);
#719=VECTOR('',#2754,10.);
#720=VECTOR('',#2755,10.);
#721=VECTOR('',#2756,10.);
#722=VECTOR('',#2761,10.);
#723=VECTOR('',#2762,10.);
#724=VECTOR('',#2763,10.);
#725=VECTOR('',#2766,10.);
#726=VECTOR('',#2767,10.);
#727=VECTOR('',#2768,10.);
#728=VECTOR('',#2771,10.);
#729=VECTOR('',#2772,10.);
#730=VECTOR('',#2773,10.);
#731=VECTOR('',#2774,10.);
#732=VECTOR('',#2777,10.);
#733=VECTOR('',#2778,10.);
#734=VECTOR('',#2779,10.);
#735=VECTOR('',#2780,10.);
#736=VECTOR('',#2783,10.);
#737=VECTOR('',#2784,10.);
#738=VECTOR('',#2785,10.);
#739=VECTOR('',#2788,10.);
#740=VECTOR('',#2789,10.);
#741=VECTOR('',#2790,10.);
#742=VECTOR('',#2795,10.);
#743=VECTOR('',#2796,10.);
#744=VECTOR('',#2797,10.);
#745=VECTOR('',#2800,10.);
#746=VECTOR('',#2801,10.);
#747=VECTOR('',#2802,10.);
#748=VECTOR('',#2805,10.);
#749=VECTOR('',#2806,10.);
#750=VECTOR('',#2807,10.);
#751=VECTOR('',#2808,10.);
#752=VECTOR('',#2811,10.);
#753=VECTOR('',#2812,10.);
#754=VECTOR('',#2813,10.);
#755=VECTOR('',#2816,10.);
#756=VECTOR('',#2817,10.);
#757=VECTOR('',#2818,10.);
#758=VECTOR('',#2821,10.);
#759=VECTOR('',#2822,10.);
#760=VECTOR('',#2827,10.);
#761=VECTOR('',#2828,10.);
#762=VECTOR('',#2829,10.);
#763=VECTOR('',#2830,10.);
#764=VECTOR('',#2833,10.);
#765=VECTOR('',#2834,10.);
#766=VECTOR('',#2835,10.);
#767=VECTOR('',#2836,10.);
#768=VECTOR('',#2839,10.);
#769=VECTOR('',#2840,10.);
#770=VECTOR('',#2841,10.);
#771=VECTOR('',#2844,10.);
#772=VECTOR('',#2845,10.);
#773=VECTOR('',#2850,10.);
#774=VECTOR('',#2851,10.);
#775=VECTOR('',#2852,10.);
#776=VECTOR('',#2853,10.);
#777=VECTOR('',#2856,10.);
#778=VECTOR('',#2857,10.);
#779=VECTOR('',#2858,10.);
#780=VECTOR('',#2861,10.);
#781=VECTOR('',#2862,10.);
#782=VECTOR('',#2863,10.);
#783=VECTOR('',#2864,10.);
#784=VECTOR('',#2867,10.);
#785=VECTOR('',#2868,10.);
#786=VECTOR('',#2873,10.);
#787=VECTOR('',#2874,10.);
#788=VECTOR('',#2875,10.);
#789=VECTOR('',#2876,10.);
#790=VECTOR('',#2877,10.);
#791=VECTOR('',#2878,10.);
#792=VECTOR('',#2879,10.);
#793=VECTOR('',#2880,10.);
#794=VECTOR('',#2881,10.);
#795=VECTOR('',#2882,10.);
#796=VECTOR('',#2885,10.);
#797=VECTOR('',#2886,10.);
#798=VECTOR('',#2887,10.);
#799=VECTOR('',#2888,10.);
#800=VECTOR('',#2891,10.);
#801=VECTOR('',#2892,10.);
#802=VECTOR('',#2895,10.);
#803=VECTOR('',#2896,10.);
#804=VECTOR('',#2899,10.);
#805=VECTOR('',#2900,10.);
#806=VECTOR('',#2907,10.);
#807=VECTOR('',#2910,10.);
#808=VECTOR('',#2913,10.);
#809=VECTOR('',#2914,10.);
#810=VECTOR('',#2915,10.);
#811=VECTOR('',#2918,10.);
#812=VECTOR('',#2921,10.);
#813=VECTOR('',#2924,10.);
#814=VECTOR('',#2925,10.);
#815=VECTOR('',#2926,10.);
#816=VECTOR('',#2927,10.);
#817=VECTOR('',#2928,10.);
#818=VECTOR('',#2929,10.);
#819=VECTOR('',#2930,10.);
#820=VECTOR('',#2931,10.);
#821=VECTOR('',#2934,10.);
#822=VECTOR('',#2935,10.);
#823=VECTOR('',#2938,10.);
#824=VECTOR('',#2941,10.);
#825=VECTOR('',#2944,10.);
#826=VECTOR('',#2949,10.);
#827=VECTOR('',#2952,10.);
#828=VECTOR('',#2955,10.);
#829=VECTOR('',#2960,10.);
#830=VECTOR('',#2961,10.);
#831=VECTOR('',#2964,10.);
#832=VECTOR('',#2969,10.);
#833=VECTOR('',#2972,10.);
#834=VECTOR('',#2977,10.);
#835=VECTOR('',#2978,10.);
#836=VECTOR('',#2981,10.);
#837=VECTOR('',#2984,10.);
#838=VECTOR('',#2989,10.);
#839=VECTOR('',#2992,10.);
#840=VECTOR('',#3005,10.);
#841=VECTOR('',#3006,10.);
#842=VECTOR('',#3017,10.);
#843=VECTOR('',#3018,10.);
#844=VECTOR('',#3021,10.);
#845=VECTOR('',#3022,10.);
#846=VECTOR('',#3027,10.);
#847=VECTOR('',#3040,10.);
#848=VECTOR('',#3047,10.);
#849=VECTOR('',#3052,10.);
#850=VECTOR('',#3053,10.);
#851=VECTOR('',#3054,10.);
#852=VECTOR('',#3055,10.);
#853=VECTOR('',#3056,10.);
#854=VECTOR('',#3059,10.);
#855=VECTOR('',#3090,10.);
#856=CIRCLE('',#2235,2.);
#857=CIRCLE('',#2236,2.);
#858=CIRCLE('',#2239,3.00000000000001);
#859=CIRCLE('',#2240,2.99999999999999);
#860=CIRCLE('',#2241,2.99999999999999);
#861=CIRCLE('',#2242,1.5);
#862=CIRCLE('',#2243,1.49999999999999);
#863=CIRCLE('',#2244,1.5);
#864=CIRCLE('',#2245,10.);
#865=CIRCLE('',#2246,2.99999999999999);
#866=CIRCLE('',#2248,10.);
#867=CIRCLE('',#2250,1.5);
#868=CIRCLE('',#2252,1.49999999999999);
#869=CIRCLE('',#2254,1.5);
#870=CIRCLE('',#2256,2.99999999999999);
#871=CIRCLE('',#2259,2.99999999999999);
#872=CIRCLE('',#2262,3.00000000000001);
#873=CIRCLE('',#2265,2.99999999999999);
#874=CIRCLE('',#2279,2.);
#875=CIRCLE('',#2281,3.);
#876=CIRCLE('',#2283,2.00000000000001);
#877=CIRCLE('',#2284,1.99999999999999);
#878=CIRCLE('',#2286,1.99999999999999);
#879=CIRCLE('',#2287,1.99999999999999);
#880=CIRCLE('',#2288,2.00000000000003);
#881=CIRCLE('',#2290,1.99999999999999);
#882=CIRCLE('',#2292,1.99999999999999);
#883=CIRCLE('',#2293,5.);
#884=CIRCLE('',#2295,2.);
#885=CIRCLE('',#2298,1.99999999999999);
#886=CIRCLE('',#2301,5.);
#887=CIRCLE('',#2303,2.);
#888=CIRCLE('',#2304,1.99999999999999);
#889=CIRCLE('',#2306,2.);
#890=CIRCLE('',#2307,2.);
#891=CIRCLE('',#2310,1.99999999999999);
#892=CIRCLE('',#2311,1.99999999999999);
#893=CIRCLE('',#2312,3.);
#894=CIRCLE('',#2328,2.);
#895=CIRCLE('',#2331,2.);
#896=CIRCLE('',#2335,2.);
#897=CIRCLE('',#2337,2.);
#898=CIRCLE('',#2375,2.);
#899=CIRCLE('',#2376,2.);
#900=CIRCLE('',#2377,2.);
#901=CIRCLE('',#2378,2.);
#902=CIRCLE('',#2379,2.);
#903=CIRCLE('',#2380,2.);
#904=CIRCLE('',#2382,3.);
#905=CIRCLE('',#2387,3.);
#906=CIRCLE('',#2389,1.99999999999999);
#907=CIRCLE('',#2392,2.00000000000003);
#908=CIRCLE('',#2394,3.);
#909=CIRCLE('',#2395,3.);
#910=CIRCLE('',#2401,2.);
#911=CIRCLE('',#2403,2.);
#912=CIRCLE('',#2404,5.);
#913=CIRCLE('',#2405,3.);
#914=CIRCLE('',#2407,1.99999999999999);
#915=CIRCLE('',#2409,1.99999999999999);
#916=CIRCLE('',#2410,5.);
#917=CIRCLE('',#2411,3.);
#918=CIRCLE('',#2416,2.);
#919=CIRCLE('',#2418,2.);
#920=CIRCLE('',#2419,5.);
#921=CIRCLE('',#2421,2.);
#922=CIRCLE('',#2423,5.);
#923=CIRCLE('',#2425,5.);
#924=CIRCLE('',#2430,1.99999999999999);
#925=CIRCLE('',#2433,2.);
#926=CIRCLE('',#2435,2.);
#927=CIRCLE('',#2436,5.);
#928=VERTEX_POINT('',#3097);
#929=VERTEX_POINT('',#3098);
#930=VERTEX_POINT('',#3100);
#931=VERTEX_POINT('',#3102);
#932=VERTEX_POINT('',#3106);
#933=VERTEX_POINT('',#3107);
#934=VERTEX_POINT('',#3109);
#935=VERTEX_POINT('',#3111);
#936=VERTEX_POINT('',#3115);
#937=VERTEX_POINT('',#3117);
#938=VERTEX_POINT('',#3120);
#939=VERTEX_POINT('',#3122);
#940=VERTEX_POINT('',#3124);
#941=VERTEX_POINT('',#3126);
#942=VERTEX_POINT('',#3128);
#943=VERTEX_POINT('',#3130);
#944=VERTEX_POINT('',#3132);
#945=VERTEX_POINT('',#3134);
#946=VERTEX_POINT('',#3135);
#947=VERTEX_POINT('',#3137);
#948=VERTEX_POINT('',#3139);
#949=VERTEX_POINT('',#3142);
#950=VERTEX_POINT('',#3145);
#951=VERTEX_POINT('',#3149);
#952=VERTEX_POINT('',#3153);
#953=VERTEX_POINT('',#3157);
#954=VERTEX_POINT('',#3161);
#955=VERTEX_POINT('',#3166);
#956=VERTEX_POINT('',#3171);
#957=VERTEX_POINT('',#3176);
#958=VERTEX_POINT('',#3181);
#959=VERTEX_POINT('',#3182);
#960=VERTEX_POINT('',#3184);
#961=VERTEX_POINT('',#3188);
#962=VERTEX_POINT('',#3189);
#963=VERTEX_POINT('',#3191);
#964=VERTEX_POINT('',#3198);
#965=VERTEX_POINT('',#3199);
#966=VERTEX_POINT('',#3201);
#967=VERTEX_POINT('',#3205);
#968=VERTEX_POINT('',#3207);
#969=VERTEX_POINT('',#3209);
#970=VERTEX_POINT('',#3211);
#971=VERTEX_POINT('',#3215);
#972=VERTEX_POINT('',#3219);
#973=VERTEX_POINT('',#3220);
#974=VERTEX_POINT('',#3225);
#975=VERTEX_POINT('',#3229);
#976=VERTEX_POINT('',#3230);
#977=VERTEX_POINT('',#3232);
#978=VERTEX_POINT('',#3234);
#979=VERTEX_POINT('',#3236);
#980=VERTEX_POINT('',#3238);
#981=VERTEX_POINT('',#3245);
#982=VERTEX_POINT('',#3247);
#983=VERTEX_POINT('',#3251);
#984=VERTEX_POINT('',#3255);
#985=VERTEX_POINT('',#3259);
#986=VERTEX_POINT('',#3265);
#987=VERTEX_POINT('',#3266);
#988=VERTEX_POINT('',#3271);
#989=VERTEX_POINT('',#3275);
#990=VERTEX_POINT('',#3279);
#991=VERTEX_POINT('',#3283);
#992=VERTEX_POINT('',#3290);
#993=VERTEX_POINT('',#3292);
#994=VERTEX_POINT('',#3298);
#995=VERTEX_POINT('',#3299);
#996=VERTEX_POINT('',#3301);
#997=VERTEX_POINT('',#3303);
#998=VERTEX_POINT('',#3315);
#999=VERTEX_POINT('',#3316);
#1000=VERTEX_POINT('',#3321);
#1001=VERTEX_POINT('',#3326);
#1002=VERTEX_POINT('',#3332);
#1003=VERTEX_POINT('',#3336);
#1004=VERTEX_POINT('',#3340);
#1005=VERTEX_POINT('',#3344);
#1006=VERTEX_POINT('',#3345);
#1007=VERTEX_POINT('',#3351);
#1008=VERTEX_POINT('',#3360);
#1009=VERTEX_POINT('',#3361);
#1010=VERTEX_POINT('',#3363);
#1011=VERTEX_POINT('',#3365);
#1012=VERTEX_POINT('',#3369);
#1013=VERTEX_POINT('',#3370);
#1014=VERTEX_POINT('',#3373);
#1015=VERTEX_POINT('',#3377);
#1016=VERTEX_POINT('',#3379);
#1017=VERTEX_POINT('',#3383);
#1018=VERTEX_POINT('',#3389);
#1019=VERTEX_POINT('',#3391);
#1020=VERTEX_POINT('',#3395);
#1021=VERTEX_POINT('',#3397);
#1022=VERTEX_POINT('',#3401);
#1023=VERTEX_POINT('',#3402);
#1024=VERTEX_POINT('',#3404);
#1025=VERTEX_POINT('',#3406);
#1026=VERTEX_POINT('',#3410);
#1027=VERTEX_POINT('',#3411);
#1028=VERTEX_POINT('',#3414);
#1029=VERTEX_POINT('',#3418);
#1030=VERTEX_POINT('',#3420);
#1031=VERTEX_POINT('',#3424);
#1032=VERTEX_POINT('',#3430);
#1033=VERTEX_POINT('',#3432);
#1034=VERTEX_POINT('',#3436);
#1035=VERTEX_POINT('',#3438);
#1036=VERTEX_POINT('',#3442);
#1037=VERTEX_POINT('',#3443);
#1038=VERTEX_POINT('',#3445);
#1039=VERTEX_POINT('',#3447);
#1040=VERTEX_POINT('',#3451);
#1041=VERTEX_POINT('',#3453);
#1042=VERTEX_POINT('',#3457);
#1043=VERTEX_POINT('',#3459);
#1044=VERTEX_POINT('',#3467);
#1045=VERTEX_POINT('',#3469);
#1046=VERTEX_POINT('',#3471);
#1047=VERTEX_POINT('',#3475);
#1048=VERTEX_POINT('',#3477);
#1049=VERTEX_POINT('',#3479);
#1050=VERTEX_POINT('',#3483);
#1051=VERTEX_POINT('',#3485);
#1052=VERTEX_POINT('',#3493);
#1053=VERTEX_POINT('',#3494);
#1054=VERTEX_POINT('',#3496);
#1055=VERTEX_POINT('',#3498);
#1056=VERTEX_POINT('',#3503);
#1057=VERTEX_POINT('',#3507);
#1058=VERTEX_POINT('',#3508);
#1059=VERTEX_POINT('',#3511);
#1060=VERTEX_POINT('',#3519);
#1061=VERTEX_POINT('',#3521);
#1062=VERTEX_POINT('',#3523);
#1063=VERTEX_POINT('',#3525);
#1064=VERTEX_POINT('',#3528);
#1065=VERTEX_POINT('',#3530);
#1066=VERTEX_POINT('',#3532);
#1067=VERTEX_POINT('',#3534);
#1068=VERTEX_POINT('',#3538);
#1069=VERTEX_POINT('',#3540);
#1070=VERTEX_POINT('',#3542);
#1071=VERTEX_POINT('',#3546);
#1072=VERTEX_POINT('',#3550);
#1073=VERTEX_POINT('',#3558);
#1074=VERTEX_POINT('',#3559);
#1075=VERTEX_POINT('',#3561);
#1076=VERTEX_POINT('',#3563);
#1077=VERTEX_POINT('',#3565);
#1078=VERTEX_POINT('',#3567);
#1079=VERTEX_POINT('',#3569);
#1080=VERTEX_POINT('',#3571);
#1081=VERTEX_POINT('',#3573);
#1082=VERTEX_POINT('',#3575);
#1083=VERTEX_POINT('',#3577);
#1084=VERTEX_POINT('',#3579);
#1085=VERTEX_POINT('',#3581);
#1086=VERTEX_POINT('',#3583);
#1087=VERTEX_POINT('',#3586);
#1088=VERTEX_POINT('',#3588);
#1089=VERTEX_POINT('',#3590);
#1090=VERTEX_POINT('',#3592);
#1091=VERTEX_POINT('',#3595);
#1092=VERTEX_POINT('',#3599);
#1093=VERTEX_POINT('',#3601);
#1094=VERTEX_POINT('',#3603);
#1095=VERTEX_POINT('',#3607);
#1096=VERTEX_POINT('',#3609);
#1097=VERTEX_POINT('',#3611);
#1098=VERTEX_POINT('',#3615);
#1099=VERTEX_POINT('',#3617);
#1100=VERTEX_POINT('',#3621);
#1101=VERTEX_POINT('',#3625);
#1102=VERTEX_POINT('',#3629);
#1103=VERTEX_POINT('',#3633);
#1104=VERTEX_POINT('',#3635);
#1105=VERTEX_POINT('',#3637);
#1106=VERTEX_POINT('',#3649);
#1107=VERTEX_POINT('',#3651);
#1108=VERTEX_POINT('',#3655);
#1109=VERTEX_POINT('',#3656);
#1110=VERTEX_POINT('',#3661);
#1111=VERTEX_POINT('',#3662);
#1112=VERTEX_POINT('',#3667);
#1113=VERTEX_POINT('',#3668);
#1114=VERTEX_POINT('',#3676);
#1115=VERTEX_POINT('',#3681);
#1116=VERTEX_POINT('',#3685);
#1117=VERTEX_POINT('',#3689);
#1118=VERTEX_POINT('',#3695);
#1119=VERTEX_POINT('',#3699);
#1120=VERTEX_POINT('',#3701);
#1121=VERTEX_POINT('',#3703);
#1122=EDGE_CURVE('',#928,#929,#856,.T.);
#1123=EDGE_CURVE('',#928,#930,#404,.T.);
#1124=EDGE_CURVE('',#931,#930,#857,.T.);
#1125=EDGE_CURVE('',#931,#929,#405,.T.);
#1126=EDGE_CURVE('',#932,#933,#406,.T.);
#1127=EDGE_CURVE('',#934,#932,#407,.F.);
#1128=EDGE_CURVE('',#935,#934,#408,.T.);
#1129=EDGE_CURVE('',#933,#935,#409,.T.);
#1130=EDGE_CURVE('',#933,#936,#410,.T.);
#1131=EDGE_CURVE('',#936,#937,#411,.T.);
#1132=EDGE_CURVE('',#937,#932,#412,.T.);
#1133=EDGE_CURVE('',#938,#938,#858,.T.);
#1134=EDGE_CURVE('',#939,#939,#859,.T.);
#1135=EDGE_CURVE('',#940,#940,#860,.T.);
#1136=EDGE_CURVE('',#941,#941,#861,.T.);
#1137=EDGE_CURVE('',#942,#942,#862,.T.);
#1138=EDGE_CURVE('',#943,#943,#863,.T.);
#1139=EDGE_CURVE('',#944,#944,#864,.T.);
#1140=EDGE_CURVE('',#945,#946,#413,.T.);
#1141=EDGE_CURVE('',#946,#947,#414,.T.);
#1142=EDGE_CURVE('',#947,#948,#415,.T.);
#1143=EDGE_CURVE('',#948,#945,#416,.T.);
#1144=EDGE_CURVE('',#949,#949,#865,.T.);
#1145=EDGE_CURVE('',#950,#950,#866,.T.);
#1146=EDGE_CURVE('',#950,#944,#417,.T.);
#1147=EDGE_CURVE('',#951,#951,#867,.T.);
#1148=EDGE_CURVE('',#951,#943,#418,.T.);
#1149=EDGE_CURVE('',#952,#952,#868,.T.);
#1150=EDGE_CURVE('',#952,#942,#419,.T.);
#1151=EDGE_CURVE('',#953,#953,#869,.T.);
#1152=EDGE_CURVE('',#953,#941,#420,.T.);
#1153=EDGE_CURVE('',#954,#954,#870,.T.);
#1154=EDGE_CURVE('',#954,#940,#421,.T.);
#1155=EDGE_CURVE('',#955,#955,#871,.T.);
#1156=EDGE_CURVE('',#955,#939,#422,.T.);
#1157=EDGE_CURVE('',#956,#956,#872,.T.);
#1158=EDGE_CURVE('',#956,#938,#423,.T.);
#1159=EDGE_CURVE('',#957,#957,#873,.T.);
#1160=EDGE_CURVE('',#957,#949,#424,.T.);
#1161=EDGE_CURVE('',#958,#959,#425,.T.);
#1162=EDGE_CURVE('',#958,#960,#426,.T.);
#1163=EDGE_CURVE('',#959,#960,#427,.T.);
#1164=EDGE_CURVE('',#961,#962,#428,.T.);
#1165=EDGE_CURVE('',#963,#961,#429,.T.);
#1166=EDGE_CURVE('',#963,#962,#430,.T.);
#1167=EDGE_CURVE('',#962,#958,#431,.T.);
#1168=EDGE_CURVE('',#960,#963,#432,.T.);
#1169=EDGE_CURVE('',#964,#965,#433,.T.);
#1170=EDGE_CURVE('',#966,#964,#434,.T.);
#1171=EDGE_CURVE('',#966,#965,#435,.T.);
#1172=EDGE_CURVE('',#965,#967,#436,.T.);
#1173=EDGE_CURVE('',#968,#966,#29,.T.);
#1174=EDGE_CURVE('',#969,#968,#437,.T.);
#1175=EDGE_CURVE('',#970,#969,#30,.T.);
#1176=EDGE_CURVE('',#967,#970,#438,.T.);
#1177=EDGE_CURVE('',#967,#971,#439,.T.);
#1178=EDGE_CURVE('',#971,#970,#440,.T.);
#1179=EDGE_CURVE('',#972,#973,#441,.T.);
#1180=EDGE_CURVE('',#969,#973,#31,.T.);
#1181=EDGE_CURVE('',#972,#968,#32,.T.);
#1182=EDGE_CURVE('',#971,#974,#874,.T.);
#1183=EDGE_CURVE('',#973,#974,#442,.T.);
#1184=EDGE_CURVE('',#975,#976,#443,.T.);
#1185=EDGE_CURVE('',#977,#975,#444,.T.);
#1186=EDGE_CURVE('',#978,#977,#875,.T.);
#1187=EDGE_CURVE('',#979,#978,#445,.T.);
#1188=EDGE_CURVE('',#980,#979,#446,.T.);
#1189=EDGE_CURVE('',#976,#980,#447,.T.);
#1190=EDGE_CURVE('',#931,#980,#876,.T.);
#1191=EDGE_CURVE('',#980,#930,#877,.T.);
#1192=EDGE_CURVE('',#981,#979,#878,.T.);
#1193=EDGE_CURVE('',#981,#982,#879,.T.);
#1194=EDGE_CURVE('',#979,#982,#880,.T.);
#1195=EDGE_CURVE('',#983,#978,#881,.T.);
#1196=EDGE_CURVE('',#983,#981,#448,.T.);
#1197=EDGE_CURVE('',#984,#977,#882,.T.);
#1198=EDGE_CURVE('',#984,#983,#883,.T.);
#1199=EDGE_CURVE('',#985,#975,#884,.T.);
#1200=EDGE_CURVE('',#985,#984,#449,.T.);
#1201=EDGE_CURVE('',#982,#931,#450,.T.);
#1202=EDGE_CURVE('',#986,#987,#885,.T.);
#1203=EDGE_CURVE('',#986,#982,#451,.T.);
#1204=EDGE_CURVE('',#981,#987,#452,.T.);
#1205=EDGE_CURVE('',#987,#988,#453,.T.);
#1206=EDGE_CURVE('',#988,#983,#454,.T.);
#1207=EDGE_CURVE('',#988,#989,#886,.T.);
#1208=EDGE_CURVE('',#984,#989,#455,.T.);
#1209=EDGE_CURVE('',#928,#990,#887,.T.);
#1210=EDGE_CURVE('',#990,#929,#888,.T.);
#1211=EDGE_CURVE('',#986,#991,#889,.T.);
#1212=EDGE_CURVE('',#991,#987,#890,.T.);
#1213=EDGE_CURVE('',#929,#986,#456,.T.);
#1214=EDGE_CURVE('',#991,#990,#457,.T.);
#1215=EDGE_CURVE('',#988,#992,#891,.T.);
#1216=EDGE_CURVE('',#993,#989,#892,.T.);
#1217=EDGE_CURVE('',#993,#992,#893,.T.);
#1218=EDGE_CURVE('',#992,#991,#458,.T.);
#1219=EDGE_CURVE('',#994,#995,#459,.T.);
#1220=EDGE_CURVE('',#996,#994,#460,.T.);
#1221=EDGE_CURVE('',#997,#996,#461,.T.);
#1222=EDGE_CURVE('',#995,#997,#462,.T.);
#1223=EDGE_CURVE('',#945,#994,#33,.T.);
#1224=EDGE_CURVE('',#996,#948,#34,.T.);
#1225=EDGE_CURVE('',#995,#946,#35,.T.);
#1226=EDGE_CURVE('',#997,#947,#36,.T.);
#1227=EDGE_CURVE('',#998,#999,#463,.T.);
#1228=EDGE_CURVE('',#998,#934,#464,.F.);
#1229=EDGE_CURVE('',#999,#937,#465,.T.);
#1230=EDGE_CURVE('',#1000,#961,#466,.T.);
#1231=EDGE_CURVE('',#1000,#935,#467,.F.);
#1232=EDGE_CURVE('',#959,#998,#468,.T.);
#1233=EDGE_CURVE('',#999,#1001,#469,.T.);
#1234=EDGE_CURVE('',#1001,#936,#470,.F.);
#1235=EDGE_CURVE('',#1001,#1000,#471,.T.);
#1236=EDGE_CURVE('',#976,#1002,#894,.T.);
#1237=EDGE_CURVE('',#930,#1002,#472,.T.);
#1238=EDGE_CURVE('',#1002,#1003,#473,.T.);
#1239=EDGE_CURVE('',#1003,#928,#474,.T.);
#1240=EDGE_CURVE('',#1003,#1004,#895,.T.);
#1241=EDGE_CURVE('',#990,#1004,#475,.T.);
#1242=EDGE_CURVE('',#1005,#1006,#476,.T.);
#1243=EDGE_CURVE('',#989,#1005,#477,.T.);
#1244=EDGE_CURVE('',#974,#985,#478,.T.);
#1245=EDGE_CURVE('',#1006,#972,#479,.T.);
#1246=EDGE_CURVE('',#1004,#1007,#480,.T.);
#1247=EDGE_CURVE('',#1007,#993,#481,.T.);
#1248=EDGE_CURVE('',#1007,#1005,#896,.T.);
#1249=EDGE_CURVE('',#1006,#964,#897,.T.);
#1250=EDGE_CURVE('',#1008,#1009,#482,.T.);
#1251=EDGE_CURVE('',#1009,#1010,#483,.T.);
#1252=EDGE_CURVE('',#1011,#1010,#484,.T.);
#1253=EDGE_CURVE('',#1008,#1011,#485,.T.);
#1254=EDGE_CURVE('',#1012,#1013,#486,.T.);
#1255=EDGE_CURVE('',#1008,#1012,#487,.T.);
#1256=EDGE_CURVE('',#1014,#1011,#488,.T.);
#1257=EDGE_CURVE('',#1013,#1014,#489,.T.);
#1258=EDGE_CURVE('',#1013,#1015,#490,.T.);
#1259=EDGE_CURVE('',#1016,#1014,#491,.T.);
#1260=EDGE_CURVE('',#1015,#1016,#492,.T.);
#1261=EDGE_CURVE('',#1015,#1017,#493,.T.);
#1262=EDGE_CURVE('',#1010,#1016,#494,.T.);
#1263=EDGE_CURVE('',#1017,#1009,#495,.T.);
#1264=EDGE_CURVE('',#1018,#1012,#496,.F.);
#1265=EDGE_CURVE('',#1018,#1019,#497,.F.);
#1266=EDGE_CURVE('',#1019,#1008,#498,.T.);
#1267=EDGE_CURVE('',#1009,#1020,#499,.T.);
#1268=EDGE_CURVE('',#1020,#1021,#500,.T.);
#1269=EDGE_CURVE('',#1017,#1021,#501,.F.);
#1270=EDGE_CURVE('',#1022,#1023,#502,.T.);
#1271=EDGE_CURVE('',#1023,#1024,#503,.T.);
#1272=EDGE_CURVE('',#1025,#1024,#504,.T.);
#1273=EDGE_CURVE('',#1022,#1025,#505,.T.);
#1274=EDGE_CURVE('',#1026,#1027,#506,.T.);
#1275=EDGE_CURVE('',#1022,#1026,#507,.T.);
#1276=EDGE_CURVE('',#1028,#1025,#508,.T.);
#1277=EDGE_CURVE('',#1027,#1028,#509,.T.);
#1278=EDGE_CURVE('',#1027,#1029,#510,.T.);
#1279=EDGE_CURVE('',#1030,#1028,#511,.T.);
#1280=EDGE_CURVE('',#1029,#1030,#512,.T.);
#1281=EDGE_CURVE('',#1029,#1031,#513,.T.);
#1282=EDGE_CURVE('',#1024,#1030,#514,.T.);
#1283=EDGE_CURVE('',#1031,#1023,#515,.T.);
#1284=EDGE_CURVE('',#1032,#1026,#516,.F.);
#1285=EDGE_CURVE('',#1032,#1033,#517,.T.);
#1286=EDGE_CURVE('',#1033,#1022,#518,.T.);
#1287=EDGE_CURVE('',#1023,#1034,#519,.T.);
#1288=EDGE_CURVE('',#1034,#1035,#520,.T.);
#1289=EDGE_CURVE('',#1031,#1035,#521,.F.);
#1290=EDGE_CURVE('',#1036,#1037,#522,.T.);
#1291=EDGE_CURVE('',#1036,#1038,#523,.T.);
#1292=EDGE_CURVE('',#1039,#1038,#524,.T.);
#1293=EDGE_CURVE('',#1037,#1039,#525,.T.);
#1294=EDGE_CURVE('',#1037,#1040,#526,.T.);
#1295=EDGE_CURVE('',#1041,#1039,#527,.T.);
#1296=EDGE_CURVE('',#1040,#1041,#528,.T.);
#1297=EDGE_CURVE('',#1040,#1042,#529,.T.);
#1298=EDGE_CURVE('',#1043,#1041,#530,.T.);
#1299=EDGE_CURVE('',#1042,#1043,#531,.T.);
#1300=EDGE_CURVE('',#1042,#1036,#532,.T.);
#1301=EDGE_CURVE('',#1038,#1043,#533,.T.);
#1302=EDGE_CURVE('',#1021,#1044,#534,.T.);
#1303=EDGE_CURVE('',#1020,#1045,#535,.T.);
#1304=EDGE_CURVE('',#1046,#1045,#536,.T.);
#1305=EDGE_CURVE('',#1044,#1046,#537,.T.);
#1306=EDGE_CURVE('',#1044,#1047,#538,.T.);
#1307=EDGE_CURVE('',#1048,#1046,#539,.T.);
#1308=EDGE_CURVE('',#1049,#1048,#540,.T.);
#1309=EDGE_CURVE('',#1047,#1049,#541,.T.);
#1310=EDGE_CURVE('',#1050,#1049,#542,.T.);
#1311=EDGE_CURVE('',#1051,#1048,#543,.T.);
#1312=EDGE_CURVE('',#1050,#1051,#544,.T.);
#1313=EDGE_CURVE('',#1020,#1050,#545,.T.);
#1314=EDGE_CURVE('',#1045,#1051,#546,.T.);
#1315=EDGE_CURVE('',#1052,#1053,#547,.T.);
#1316=EDGE_CURVE('',#1053,#1054,#548,.T.);
#1317=EDGE_CURVE('',#1055,#1054,#549,.T.);
#1318=EDGE_CURVE('',#1052,#1055,#550,.T.);
#1319=EDGE_CURVE('',#1053,#1033,#551,.T.);
#1320=EDGE_CURVE('',#1033,#1056,#552,.T.);
#1321=EDGE_CURVE('',#1054,#1056,#553,.T.);
#1322=EDGE_CURVE('',#1057,#1058,#554,.T.);
#1323=EDGE_CURVE('',#1052,#1057,#555,.T.);
#1324=EDGE_CURVE('',#1059,#1055,#556,.T.);
#1325=EDGE_CURVE('',#1058,#1059,#557,.T.);
#1326=EDGE_CURVE('',#1058,#1032,#558,.T.);
#1327=EDGE_CURVE('',#1056,#1059,#559,.T.);
#1328=EDGE_CURVE('',#1047,#1060,#560,.F.);
#1329=EDGE_CURVE('',#1060,#1061,#561,.T.);
#1330=EDGE_CURVE('',#1061,#1062,#562,.T.);
#1331=EDGE_CURVE('',#1062,#1063,#563,.T.);
#1332=EDGE_CURVE('',#1063,#1057,#564,.F.);
#1333=EDGE_CURVE('',#1035,#1064,#565,.T.);
#1334=EDGE_CURVE('',#1064,#1065,#566,.T.);
#1335=EDGE_CURVE('',#1065,#1066,#567,.T.);
#1336=EDGE_CURVE('',#1066,#1067,#568,.F.);
#1337=EDGE_CURVE('',#1067,#1018,#569,.F.);
#1338=EDGE_CURVE('',#1034,#1068,#570,.T.);
#1339=EDGE_CURVE('',#1068,#1069,#571,.T.);
#1340=EDGE_CURVE('',#1070,#1069,#572,.T.);
#1341=EDGE_CURVE('',#1034,#1070,#573,.T.);
#1342=EDGE_CURVE('',#1071,#1070,#574,.T.);
#1343=EDGE_CURVE('',#1064,#1071,#575,.T.);
#1344=EDGE_CURVE('',#1072,#1071,#576,.T.);
#1345=EDGE_CURVE('',#1065,#1072,#577,.T.);
#1346=EDGE_CURVE('',#1069,#1072,#578,.T.);
#1347=EDGE_CURVE('',#1066,#1068,#579,.T.);
#1348=EDGE_CURVE('',#1073,#1074,#898,.T.);
#1349=EDGE_CURVE('',#1075,#1073,#580,.T.);
#1350=EDGE_CURVE('',#1076,#1075,#899,.T.);
#1351=EDGE_CURVE('',#1077,#1076,#581,.T.);
#1352=EDGE_CURVE('',#1078,#1077,#900,.T.);
#1353=EDGE_CURVE('',#1079,#1078,#582,.T.);
#1354=EDGE_CURVE('',#1080,#1079,#583,.T.);
#1355=EDGE_CURVE('',#1081,#1080,#584,.T.);
#1356=EDGE_CURVE('',#1082,#1081,#901,.T.);
#1357=EDGE_CURVE('',#1083,#1082,#585,.T.);
#1358=EDGE_CURVE('',#1084,#1083,#902,.T.);
#1359=EDGE_CURVE('',#1085,#1084,#586,.T.);
#1360=EDGE_CURVE('',#1086,#1085,#903,.T.);
#1361=EDGE_CURVE('',#1074,#1086,#587,.T.);
#1362=EDGE_CURVE('',#1087,#1052,#588,.T.);
#1363=EDGE_CURVE('',#1088,#1087,#589,.T.);
#1364=EDGE_CURVE('',#1089,#1088,#590,.T.);
#1365=EDGE_CURVE('',#1090,#1089,#591,.T.);
#1366=EDGE_CURVE('',#1049,#1090,#592,.T.);
#1367=EDGE_CURVE('',#1091,#1019,#593,.T.);
#1368=EDGE_CURVE('',#1068,#1091,#594,.T.);
#1369=EDGE_CURVE('',#1080,#1092,#595,.T.);
#1370=EDGE_CURVE('',#1093,#1092,#596,.T.);
#1371=EDGE_CURVE('',#1094,#1093,#904,.T.);
#1372=EDGE_CURVE('',#1081,#1094,#597,.T.);
#1373=EDGE_CURVE('',#1095,#1079,#598,.T.);
#1374=EDGE_CURVE('',#1096,#1095,#37,.T.);
#1375=EDGE_CURVE('',#1097,#1096,#599,.T.);
#1376=EDGE_CURVE('',#1092,#1097,#38,.T.);
#1377=EDGE_CURVE('',#1098,#1078,#600,.T.);
#1378=EDGE_CURVE('',#1099,#1098,#905,.T.);
#1379=EDGE_CURVE('',#1095,#1099,#601,.T.);
#1380=EDGE_CURVE('',#1077,#1100,#602,.T.);
#1381=EDGE_CURVE('',#1098,#1100,#906,.T.);
#1382=EDGE_CURVE('',#1101,#1076,#603,.T.);
#1383=EDGE_CURVE('',#1100,#1101,#604,.T.);
#1384=EDGE_CURVE('',#1075,#1102,#605,.T.);
#1385=EDGE_CURVE('',#1102,#1101,#907,.T.);
#1386=EDGE_CURVE('',#1103,#1073,#606,.T.);
#1387=EDGE_CURVE('',#1104,#1103,#908,.T.);
#1388=EDGE_CURVE('',#1105,#1104,#607,.T.);
#1389=EDGE_CURVE('',#1102,#1105,#909,.T.);
#1390=EDGE_CURVE('',#1089,#1061,#608,.T.);
#1391=EDGE_CURVE('',#1090,#1060,#609,.T.);
#1392=EDGE_CURVE('',#1062,#1088,#610,.T.);
#1393=EDGE_CURVE('',#1063,#1087,#611,.T.);
#1394=EDGE_CURVE('',#1085,#1106,#612,.T.);
#1395=EDGE_CURVE('',#1106,#1107,#910,.T.);
#1396=EDGE_CURVE('',#1107,#1086,#613,.T.);
#1397=EDGE_CURVE('',#1108,#1109,#911,.T.);
#1398=EDGE_CURVE('',#1109,#1107,#912,.T.);
#1399=EDGE_CURVE('',#1106,#1108,#913,.T.);
#1400=EDGE_CURVE('',#1110,#1111,#914,.T.);
#1401=EDGE_CURVE('',#1111,#1109,#614,.T.);
#1402=EDGE_CURVE('',#1108,#1110,#615,.T.);
#1403=EDGE_CURVE('',#1112,#1113,#915,.T.);
#1404=EDGE_CURVE('',#1113,#1111,#916,.T.);
#1405=EDGE_CURVE('',#1110,#1112,#917,.T.);
#1406=EDGE_CURVE('',#1083,#1113,#616,.T.);
#1407=EDGE_CURVE('',#1112,#1084,#617,.T.);
#1408=EDGE_CURVE('',#1114,#1082,#618,.T.);
#1409=EDGE_CURVE('',#1113,#1114,#619,.T.);
#1410=EDGE_CURVE('',#1074,#1115,#620,.T.);
#1411=EDGE_CURVE('',#1115,#1103,#918,.T.);
#1412=EDGE_CURVE('',#1116,#1104,#919,.T.);
#1413=EDGE_CURVE('',#1115,#1116,#920,.T.);
#1414=EDGE_CURVE('',#1117,#1105,#921,.T.);
#1415=EDGE_CURVE('',#1116,#1117,#621,.T.);
#1416=EDGE_CURVE('',#1117,#1101,#922,.T.);
#1417=EDGE_CURVE('',#1117,#1118,#622,.T.);
#1418=EDGE_CURVE('',#1100,#1118,#923,.T.);
#1419=EDGE_CURVE('',#1119,#1111,#623,.T.);
#1420=EDGE_CURVE('',#1120,#1119,#624,.T.);
#1421=EDGE_CURVE('',#1121,#1120,#625,.T.);
#1422=EDGE_CURVE('',#1118,#1121,#626,.T.);
#1423=EDGE_CURVE('',#1109,#1116,#627,.T.);
#1424=EDGE_CURVE('',#1115,#1107,#628,.T.);
#1425=EDGE_CURVE('',#1099,#1118,#924,.T.);
#1426=EDGE_CURVE('',#1121,#1096,#39,.T.);
#1427=EDGE_CURVE('',#1094,#1114,#925,.T.);
#1428=EDGE_CURVE('',#1093,#1119,#926,.T.);
#1429=EDGE_CURVE('',#1119,#1114,#927,.T.);
#1430=EDGE_CURVE('',#1097,#1120,#40,.T.);
#1431=EDGE_CURVE('',#1067,#1091,#629,.T.);
#1432=ORIENTED_EDGE('',*,*,#1122,.F.);
#1433=ORIENTED_EDGE('',*,*,#1123,.T.);
#1434=ORIENTED_EDGE('',*,*,#1124,.F.);
#1435=ORIENTED_EDGE('',*,*,#1125,.T.);
#1436=ORIENTED_EDGE('',*,*,#1126,.F.);
#1437=ORIENTED_EDGE('',*,*,#1127,.F.);
#1438=ORIENTED_EDGE('',*,*,#1128,.F.);
#1439=ORIENTED_EDGE('',*,*,#1129,.F.);
#1440=ORIENTED_EDGE('',*,*,#1130,.T.);
#1441=ORIENTED_EDGE('',*,*,#1131,.T.);
#1442=ORIENTED_EDGE('',*,*,#1132,.T.);
#1443=ORIENTED_EDGE('',*,*,#1126,.T.);
#1444=ORIENTED_EDGE('',*,*,#1133,.T.);
#1445=ORIENTED_EDGE('',*,*,#1134,.T.);
#1446=ORIENTED_EDGE('',*,*,#1135,.T.);
#1447=ORIENTED_EDGE('',*,*,#1136,.T.);
#1448=ORIENTED_EDGE('',*,*,#1137,.T.);
#1449=ORIENTED_EDGE('',*,*,#1138,.T.);
#1450=ORIENTED_EDGE('',*,*,#1139,.T.);
#1451=ORIENTED_EDGE('',*,*,#1140,.T.);
#1452=ORIENTED_EDGE('',*,*,#1141,.T.);
#1453=ORIENTED_EDGE('',*,*,#1142,.T.);
#1454=ORIENTED_EDGE('',*,*,#1143,.T.);
#1455=ORIENTED_EDGE('',*,*,#1144,.T.);
#1456=ORIENTED_EDGE('',*,*,#1145,.F.);
#1457=ORIENTED_EDGE('',*,*,#1146,.T.);
#1458=ORIENTED_EDGE('',*,*,#1139,.F.);
#1459=ORIENTED_EDGE('',*,*,#1146,.F.);
#1460=ORIENTED_EDGE('',*,*,#1147,.F.);
#1461=ORIENTED_EDGE('',*,*,#1148,.T.);
#1462=ORIENTED_EDGE('',*,*,#1138,.F.);
#1463=ORIENTED_EDGE('',*,*,#1148,.F.);
#1464=ORIENTED_EDGE('',*,*,#1149,.F.);
#1465=ORIENTED_EDGE('',*,*,#1150,.T.);
#1466=ORIENTED_EDGE('',*,*,#1137,.F.);
#1467=ORIENTED_EDGE('',*,*,#1150,.F.);
#1468=ORIENTED_EDGE('',*,*,#1151,.F.);
#1469=ORIENTED_EDGE('',*,*,#1152,.T.);
#1470=ORIENTED_EDGE('',*,*,#1136,.F.);
#1471=ORIENTED_EDGE('',*,*,#1152,.F.);
#1472=ORIENTED_EDGE('',*,*,#1153,.T.);
#1473=ORIENTED_EDGE('',*,*,#1153,.F.);
#1474=ORIENTED_EDGE('',*,*,#1154,.T.);
#1475=ORIENTED_EDGE('',*,*,#1135,.F.);
#1476=ORIENTED_EDGE('',*,*,#1154,.F.);
#1477=ORIENTED_EDGE('',*,*,#1155,.T.);
#1478=ORIENTED_EDGE('',*,*,#1155,.F.);
#1479=ORIENTED_EDGE('',*,*,#1156,.T.);
#1480=ORIENTED_EDGE('',*,*,#1134,.F.);
#1481=ORIENTED_EDGE('',*,*,#1156,.F.);
#1482=ORIENTED_EDGE('',*,*,#1157,.T.);
#1483=ORIENTED_EDGE('',*,*,#1157,.F.);
#1484=ORIENTED_EDGE('',*,*,#1158,.T.);
#1485=ORIENTED_EDGE('',*,*,#1133,.F.);
#1486=ORIENTED_EDGE('',*,*,#1158,.F.);
#1487=ORIENTED_EDGE('',*,*,#1159,.T.);
#1488=ORIENTED_EDGE('',*,*,#1159,.F.);
#1489=ORIENTED_EDGE('',*,*,#1160,.T.);
#1490=ORIENTED_EDGE('',*,*,#1144,.F.);
#1491=ORIENTED_EDGE('',*,*,#1160,.F.);
#1492=ORIENTED_EDGE('',*,*,#1161,.F.);
#1493=ORIENTED_EDGE('',*,*,#1162,.T.);
#1494=ORIENTED_EDGE('',*,*,#1163,.F.);
#1495=ORIENTED_EDGE('',*,*,#1164,.F.);
#1496=ORIENTED_EDGE('',*,*,#1165,.F.);
#1497=ORIENTED_EDGE('',*,*,#1166,.T.);
#1498=ORIENTED_EDGE('',*,*,#1167,.F.);
#1499=ORIENTED_EDGE('',*,*,#1166,.F.);
#1500=ORIENTED_EDGE('',*,*,#1168,.F.);
#1501=ORIENTED_EDGE('',*,*,#1162,.F.);
#1502=ORIENTED_EDGE('',*,*,#1169,.F.);
#1503=ORIENTED_EDGE('',*,*,#1170,.F.);
#1504=ORIENTED_EDGE('',*,*,#1171,.T.);
#1505=ORIENTED_EDGE('',*,*,#1172,.F.);
#1506=ORIENTED_EDGE('',*,*,#1171,.F.);
#1507=ORIENTED_EDGE('',*,*,#1173,.F.);
#1508=ORIENTED_EDGE('',*,*,#1174,.F.);
#1509=ORIENTED_EDGE('',*,*,#1175,.F.);
#1510=ORIENTED_EDGE('',*,*,#1176,.F.);
#1511=ORIENTED_EDGE('',*,*,#1177,.F.);
#1512=ORIENTED_EDGE('',*,*,#1176,.T.);
#1513=ORIENTED_EDGE('',*,*,#1178,.F.);
#1514=ORIENTED_EDGE('',*,*,#1179,.T.);
#1515=ORIENTED_EDGE('',*,*,#1180,.F.);
#1516=ORIENTED_EDGE('',*,*,#1174,.T.);
#1517=ORIENTED_EDGE('',*,*,#1181,.F.);
#1518=ORIENTED_EDGE('',*,*,#1182,.F.);
#1519=ORIENTED_EDGE('',*,*,#1178,.T.);
#1520=ORIENTED_EDGE('',*,*,#1175,.T.);
#1521=ORIENTED_EDGE('',*,*,#1180,.T.);
#1522=ORIENTED_EDGE('',*,*,#1183,.T.);
#1523=ORIENTED_EDGE('',*,*,#1184,.F.);
#1524=ORIENTED_EDGE('',*,*,#1185,.F.);
#1525=ORIENTED_EDGE('',*,*,#1186,.F.);
#1526=ORIENTED_EDGE('',*,*,#1187,.F.);
#1527=ORIENTED_EDGE('',*,*,#1188,.F.);
#1528=ORIENTED_EDGE('',*,*,#1189,.F.);
#1529=ORIENTED_EDGE('',*,*,#1190,.F.);
#1530=ORIENTED_EDGE('',*,*,#1124,.T.);
#1531=ORIENTED_EDGE('',*,*,#1191,.F.);
#1532=ORIENTED_EDGE('',*,*,#1192,.F.);
#1533=ORIENTED_EDGE('',*,*,#1193,.T.);
#1534=ORIENTED_EDGE('',*,*,#1194,.F.);
#1535=ORIENTED_EDGE('',*,*,#1192,.T.);
#1536=ORIENTED_EDGE('',*,*,#1187,.T.);
#1537=ORIENTED_EDGE('',*,*,#1195,.F.);
#1538=ORIENTED_EDGE('',*,*,#1196,.T.);
#1539=ORIENTED_EDGE('',*,*,#1195,.T.);
#1540=ORIENTED_EDGE('',*,*,#1186,.T.);
#1541=ORIENTED_EDGE('',*,*,#1197,.F.);
#1542=ORIENTED_EDGE('',*,*,#1198,.T.);
#1543=ORIENTED_EDGE('',*,*,#1199,.F.);
#1544=ORIENTED_EDGE('',*,*,#1200,.T.);
#1545=ORIENTED_EDGE('',*,*,#1197,.T.);
#1546=ORIENTED_EDGE('',*,*,#1185,.T.);
#1547=ORIENTED_EDGE('',*,*,#1194,.T.);
#1548=ORIENTED_EDGE('',*,*,#1201,.T.);
#1549=ORIENTED_EDGE('',*,*,#1190,.T.);
#1550=ORIENTED_EDGE('',*,*,#1188,.T.);
#1551=ORIENTED_EDGE('',*,*,#1202,.F.);
#1552=ORIENTED_EDGE('',*,*,#1203,.T.);
#1553=ORIENTED_EDGE('',*,*,#1193,.F.);
#1554=ORIENTED_EDGE('',*,*,#1204,.T.);
#1555=ORIENTED_EDGE('',*,*,#1205,.F.);
#1556=ORIENTED_EDGE('',*,*,#1204,.F.);
#1557=ORIENTED_EDGE('',*,*,#1196,.F.);
#1558=ORIENTED_EDGE('',*,*,#1206,.F.);
#1559=ORIENTED_EDGE('',*,*,#1207,.F.);
#1560=ORIENTED_EDGE('',*,*,#1206,.T.);
#1561=ORIENTED_EDGE('',*,*,#1198,.F.);
#1562=ORIENTED_EDGE('',*,*,#1208,.T.);
#1563=ORIENTED_EDGE('',*,*,#1209,.F.);
#1564=ORIENTED_EDGE('',*,*,#1122,.T.);
#1565=ORIENTED_EDGE('',*,*,#1210,.F.);
#1566=ORIENTED_EDGE('',*,*,#1211,.F.);
#1567=ORIENTED_EDGE('',*,*,#1202,.T.);
#1568=ORIENTED_EDGE('',*,*,#1212,.F.);
#1569=ORIENTED_EDGE('',*,*,#1210,.T.);
#1570=ORIENTED_EDGE('',*,*,#1213,.T.);
#1571=ORIENTED_EDGE('',*,*,#1211,.T.);
#1572=ORIENTED_EDGE('',*,*,#1214,.T.);
#1573=ORIENTED_EDGE('',*,*,#1215,.F.);
#1574=ORIENTED_EDGE('',*,*,#1207,.T.);
#1575=ORIENTED_EDGE('',*,*,#1216,.F.);
#1576=ORIENTED_EDGE('',*,*,#1217,.T.);
#1577=ORIENTED_EDGE('',*,*,#1215,.T.);
#1578=ORIENTED_EDGE('',*,*,#1218,.T.);
#1579=ORIENTED_EDGE('',*,*,#1212,.T.);
#1580=ORIENTED_EDGE('',*,*,#1205,.T.);
#1581=ORIENTED_EDGE('',*,*,#1213,.F.);
#1582=ORIENTED_EDGE('',*,*,#1125,.F.);
#1583=ORIENTED_EDGE('',*,*,#1201,.F.);
#1584=ORIENTED_EDGE('',*,*,#1203,.F.);
#1585=ORIENTED_EDGE('',*,*,#1151,.T.);
#1586=ORIENTED_EDGE('',*,*,#1149,.T.);
#1587=ORIENTED_EDGE('',*,*,#1147,.T.);
#1588=ORIENTED_EDGE('',*,*,#1145,.T.);
#1589=ORIENTED_EDGE('',*,*,#1219,.F.);
#1590=ORIENTED_EDGE('',*,*,#1220,.F.);
#1591=ORIENTED_EDGE('',*,*,#1221,.F.);
#1592=ORIENTED_EDGE('',*,*,#1222,.F.);
#1593=ORIENTED_EDGE('',*,*,#1220,.T.);
#1594=ORIENTED_EDGE('',*,*,#1223,.F.);
#1595=ORIENTED_EDGE('',*,*,#1143,.F.);
#1596=ORIENTED_EDGE('',*,*,#1224,.F.);
#1597=ORIENTED_EDGE('',*,*,#1141,.F.);
#1598=ORIENTED_EDGE('',*,*,#1225,.F.);
#1599=ORIENTED_EDGE('',*,*,#1222,.T.);
#1600=ORIENTED_EDGE('',*,*,#1226,.T.);
#1601=ORIENTED_EDGE('',*,*,#1219,.T.);
#1602=ORIENTED_EDGE('',*,*,#1225,.T.);
#1603=ORIENTED_EDGE('',*,*,#1140,.F.);
#1604=ORIENTED_EDGE('',*,*,#1223,.T.);
#1605=ORIENTED_EDGE('',*,*,#1221,.T.);
#1606=ORIENTED_EDGE('',*,*,#1224,.T.);
#1607=ORIENTED_EDGE('',*,*,#1142,.F.);
#1608=ORIENTED_EDGE('',*,*,#1226,.F.);
#1609=ORIENTED_EDGE('',*,*,#1227,.F.);
#1610=ORIENTED_EDGE('',*,*,#1228,.T.);
#1611=ORIENTED_EDGE('',*,*,#1127,.T.);
#1612=ORIENTED_EDGE('',*,*,#1132,.F.);
#1613=ORIENTED_EDGE('',*,*,#1229,.F.);
#1614=ORIENTED_EDGE('',*,*,#1230,.F.);
#1615=ORIENTED_EDGE('',*,*,#1231,.T.);
#1616=ORIENTED_EDGE('',*,*,#1128,.T.);
#1617=ORIENTED_EDGE('',*,*,#1228,.F.);
#1618=ORIENTED_EDGE('',*,*,#1232,.F.);
#1619=ORIENTED_EDGE('',*,*,#1163,.T.);
#1620=ORIENTED_EDGE('',*,*,#1168,.T.);
#1621=ORIENTED_EDGE('',*,*,#1165,.T.);
#1622=ORIENTED_EDGE('',*,*,#1233,.F.);
#1623=ORIENTED_EDGE('',*,*,#1229,.T.);
#1624=ORIENTED_EDGE('',*,*,#1131,.F.);
#1625=ORIENTED_EDGE('',*,*,#1234,.F.);
#1626=ORIENTED_EDGE('',*,*,#1235,.F.);
#1627=ORIENTED_EDGE('',*,*,#1234,.T.);
#1628=ORIENTED_EDGE('',*,*,#1130,.F.);
#1629=ORIENTED_EDGE('',*,*,#1129,.T.);
#1630=ORIENTED_EDGE('',*,*,#1231,.F.);
#1631=ORIENTED_EDGE('',*,*,#1236,.F.);
#1632=ORIENTED_EDGE('',*,*,#1189,.T.);
#1633=ORIENTED_EDGE('',*,*,#1191,.T.);
#1634=ORIENTED_EDGE('',*,*,#1237,.T.);
#1635=ORIENTED_EDGE('',*,*,#1238,.F.);
#1636=ORIENTED_EDGE('',*,*,#1237,.F.);
#1637=ORIENTED_EDGE('',*,*,#1123,.F.);
#1638=ORIENTED_EDGE('',*,*,#1239,.F.);
#1639=ORIENTED_EDGE('',*,*,#1240,.F.);
#1640=ORIENTED_EDGE('',*,*,#1239,.T.);
#1641=ORIENTED_EDGE('',*,*,#1209,.T.);
#1642=ORIENTED_EDGE('',*,*,#1241,.T.);
#1643=ORIENTED_EDGE('',*,*,#1242,.F.);
#1644=ORIENTED_EDGE('',*,*,#1243,.F.);
#1645=ORIENTED_EDGE('',*,*,#1208,.F.);
#1646=ORIENTED_EDGE('',*,*,#1200,.F.);
#1647=ORIENTED_EDGE('',*,*,#1244,.F.);
#1648=ORIENTED_EDGE('',*,*,#1183,.F.);
#1649=ORIENTED_EDGE('',*,*,#1179,.F.);
#1650=ORIENTED_EDGE('',*,*,#1245,.F.);
#1651=ORIENTED_EDGE('',*,*,#1246,.F.);
#1652=ORIENTED_EDGE('',*,*,#1241,.F.);
#1653=ORIENTED_EDGE('',*,*,#1214,.F.);
#1654=ORIENTED_EDGE('',*,*,#1218,.F.);
#1655=ORIENTED_EDGE('',*,*,#1217,.F.);
#1656=ORIENTED_EDGE('',*,*,#1247,.F.);
#1657=ORIENTED_EDGE('',*,*,#1248,.F.);
#1658=ORIENTED_EDGE('',*,*,#1247,.T.);
#1659=ORIENTED_EDGE('',*,*,#1216,.T.);
#1660=ORIENTED_EDGE('',*,*,#1243,.T.);
#1661=ORIENTED_EDGE('',*,*,#1249,.F.);
#1662=ORIENTED_EDGE('',*,*,#1245,.T.);
#1663=ORIENTED_EDGE('',*,*,#1181,.T.);
#1664=ORIENTED_EDGE('',*,*,#1173,.T.);
#1665=ORIENTED_EDGE('',*,*,#1170,.T.);
#1666=ORIENTED_EDGE('',*,*,#1236,.T.);
#1667=ORIENTED_EDGE('',*,*,#1238,.T.);
#1668=ORIENTED_EDGE('',*,*,#1240,.T.);
#1669=ORIENTED_EDGE('',*,*,#1246,.T.);
#1670=ORIENTED_EDGE('',*,*,#1248,.T.);
#1671=ORIENTED_EDGE('',*,*,#1242,.T.);
#1672=ORIENTED_EDGE('',*,*,#1249,.T.);
#1673=ORIENTED_EDGE('',*,*,#1169,.T.);
#1674=ORIENTED_EDGE('',*,*,#1172,.T.);
#1675=ORIENTED_EDGE('',*,*,#1177,.T.);
#1676=ORIENTED_EDGE('',*,*,#1182,.T.);
#1677=ORIENTED_EDGE('',*,*,#1244,.T.);
#1678=ORIENTED_EDGE('',*,*,#1199,.T.);
#1679=ORIENTED_EDGE('',*,*,#1184,.T.);
#1680=ORIENTED_EDGE('',*,*,#1227,.T.);
#1681=ORIENTED_EDGE('',*,*,#1233,.T.);
#1682=ORIENTED_EDGE('',*,*,#1235,.T.);
#1683=ORIENTED_EDGE('',*,*,#1230,.T.);
#1684=ORIENTED_EDGE('',*,*,#1164,.T.);
#1685=ORIENTED_EDGE('',*,*,#1167,.T.);
#1686=ORIENTED_EDGE('',*,*,#1161,.T.);
#1687=ORIENTED_EDGE('',*,*,#1232,.T.);
#1688=ORIENTED_EDGE('',*,*,#1250,.T.);
#1689=ORIENTED_EDGE('',*,*,#1251,.T.);
#1690=ORIENTED_EDGE('',*,*,#1252,.F.);
#1691=ORIENTED_EDGE('',*,*,#1253,.F.);
#1692=ORIENTED_EDGE('',*,*,#1254,.F.);
#1693=ORIENTED_EDGE('',*,*,#1255,.F.);
#1694=ORIENTED_EDGE('',*,*,#1253,.T.);
#1695=ORIENTED_EDGE('',*,*,#1256,.F.);
#1696=ORIENTED_EDGE('',*,*,#1257,.F.);
#1697=ORIENTED_EDGE('',*,*,#1258,.F.);
#1698=ORIENTED_EDGE('',*,*,#1257,.T.);
#1699=ORIENTED_EDGE('',*,*,#1259,.F.);
#1700=ORIENTED_EDGE('',*,*,#1260,.F.);
#1701=ORIENTED_EDGE('',*,*,#1261,.F.);
#1702=ORIENTED_EDGE('',*,*,#1260,.T.);
#1703=ORIENTED_EDGE('',*,*,#1262,.F.);
#1704=ORIENTED_EDGE('',*,*,#1251,.F.);
#1705=ORIENTED_EDGE('',*,*,#1263,.F.);
#1706=ORIENTED_EDGE('',*,*,#1262,.T.);
#1707=ORIENTED_EDGE('',*,*,#1259,.T.);
#1708=ORIENTED_EDGE('',*,*,#1256,.T.);
#1709=ORIENTED_EDGE('',*,*,#1252,.T.);
#1710=ORIENTED_EDGE('',*,*,#1255,.T.);
#1711=ORIENTED_EDGE('',*,*,#1264,.F.);
#1712=ORIENTED_EDGE('',*,*,#1265,.T.);
#1713=ORIENTED_EDGE('',*,*,#1266,.T.);
#1714=ORIENTED_EDGE('',*,*,#1263,.T.);
#1715=ORIENTED_EDGE('',*,*,#1267,.T.);
#1716=ORIENTED_EDGE('',*,*,#1268,.T.);
#1717=ORIENTED_EDGE('',*,*,#1269,.F.);
#1718=ORIENTED_EDGE('',*,*,#1270,.T.);
#1719=ORIENTED_EDGE('',*,*,#1271,.T.);
#1720=ORIENTED_EDGE('',*,*,#1272,.F.);
#1721=ORIENTED_EDGE('',*,*,#1273,.F.);
#1722=ORIENTED_EDGE('',*,*,#1274,.F.);
#1723=ORIENTED_EDGE('',*,*,#1275,.F.);
#1724=ORIENTED_EDGE('',*,*,#1273,.T.);
#1725=ORIENTED_EDGE('',*,*,#1276,.F.);
#1726=ORIENTED_EDGE('',*,*,#1277,.F.);
#1727=ORIENTED_EDGE('',*,*,#1278,.F.);
#1728=ORIENTED_EDGE('',*,*,#1277,.T.);
#1729=ORIENTED_EDGE('',*,*,#1279,.F.);
#1730=ORIENTED_EDGE('',*,*,#1280,.F.);
#1731=ORIENTED_EDGE('',*,*,#1281,.F.);
#1732=ORIENTED_EDGE('',*,*,#1280,.T.);
#1733=ORIENTED_EDGE('',*,*,#1282,.F.);
#1734=ORIENTED_EDGE('',*,*,#1271,.F.);
#1735=ORIENTED_EDGE('',*,*,#1283,.F.);
#1736=ORIENTED_EDGE('',*,*,#1282,.T.);
#1737=ORIENTED_EDGE('',*,*,#1279,.T.);
#1738=ORIENTED_EDGE('',*,*,#1276,.T.);
#1739=ORIENTED_EDGE('',*,*,#1272,.T.);
#1740=ORIENTED_EDGE('',*,*,#1275,.T.);
#1741=ORIENTED_EDGE('',*,*,#1284,.F.);
#1742=ORIENTED_EDGE('',*,*,#1285,.T.);
#1743=ORIENTED_EDGE('',*,*,#1286,.T.);
#1744=ORIENTED_EDGE('',*,*,#1283,.T.);
#1745=ORIENTED_EDGE('',*,*,#1287,.T.);
#1746=ORIENTED_EDGE('',*,*,#1288,.T.);
#1747=ORIENTED_EDGE('',*,*,#1289,.F.);
#1748=ORIENTED_EDGE('',*,*,#1290,.F.);
#1749=ORIENTED_EDGE('',*,*,#1291,.T.);
#1750=ORIENTED_EDGE('',*,*,#1292,.F.);
#1751=ORIENTED_EDGE('',*,*,#1293,.F.);
#1752=ORIENTED_EDGE('',*,*,#1294,.F.);
#1753=ORIENTED_EDGE('',*,*,#1293,.T.);
#1754=ORIENTED_EDGE('',*,*,#1295,.F.);
#1755=ORIENTED_EDGE('',*,*,#1296,.F.);
#1756=ORIENTED_EDGE('',*,*,#1297,.F.);
#1757=ORIENTED_EDGE('',*,*,#1296,.T.);
#1758=ORIENTED_EDGE('',*,*,#1298,.F.);
#1759=ORIENTED_EDGE('',*,*,#1299,.F.);
#1760=ORIENTED_EDGE('',*,*,#1300,.F.);
#1761=ORIENTED_EDGE('',*,*,#1299,.T.);
#1762=ORIENTED_EDGE('',*,*,#1301,.F.);
#1763=ORIENTED_EDGE('',*,*,#1291,.F.);
#1764=ORIENTED_EDGE('',*,*,#1301,.T.);
#1765=ORIENTED_EDGE('',*,*,#1298,.T.);
#1766=ORIENTED_EDGE('',*,*,#1295,.T.);
#1767=ORIENTED_EDGE('',*,*,#1292,.T.);
#1768=ORIENTED_EDGE('',*,*,#1302,.F.);
#1769=ORIENTED_EDGE('',*,*,#1268,.F.);
#1770=ORIENTED_EDGE('',*,*,#1303,.T.);
#1771=ORIENTED_EDGE('',*,*,#1304,.F.);
#1772=ORIENTED_EDGE('',*,*,#1305,.F.);
#1773=ORIENTED_EDGE('',*,*,#1306,.F.);
#1774=ORIENTED_EDGE('',*,*,#1305,.T.);
#1775=ORIENTED_EDGE('',*,*,#1307,.F.);
#1776=ORIENTED_EDGE('',*,*,#1308,.F.);
#1777=ORIENTED_EDGE('',*,*,#1309,.F.);
#1778=ORIENTED_EDGE('',*,*,#1310,.T.);
#1779=ORIENTED_EDGE('',*,*,#1308,.T.);
#1780=ORIENTED_EDGE('',*,*,#1311,.F.);
#1781=ORIENTED_EDGE('',*,*,#1312,.F.);
#1782=ORIENTED_EDGE('',*,*,#1313,.T.);
#1783=ORIENTED_EDGE('',*,*,#1312,.T.);
#1784=ORIENTED_EDGE('',*,*,#1314,.F.);
#1785=ORIENTED_EDGE('',*,*,#1303,.F.);
#1786=ORIENTED_EDGE('',*,*,#1314,.T.);
#1787=ORIENTED_EDGE('',*,*,#1311,.T.);
#1788=ORIENTED_EDGE('',*,*,#1307,.T.);
#1789=ORIENTED_EDGE('',*,*,#1304,.T.);
#1790=ORIENTED_EDGE('',*,*,#1315,.T.);
#1791=ORIENTED_EDGE('',*,*,#1316,.T.);
#1792=ORIENTED_EDGE('',*,*,#1317,.F.);
#1793=ORIENTED_EDGE('',*,*,#1318,.F.);
#1794=ORIENTED_EDGE('',*,*,#1319,.T.);
#1795=ORIENTED_EDGE('',*,*,#1320,.T.);
#1796=ORIENTED_EDGE('',*,*,#1321,.F.);
#1797=ORIENTED_EDGE('',*,*,#1316,.F.);
#1798=ORIENTED_EDGE('',*,*,#1322,.F.);
#1799=ORIENTED_EDGE('',*,*,#1323,.F.);
#1800=ORIENTED_EDGE('',*,*,#1318,.T.);
#1801=ORIENTED_EDGE('',*,*,#1324,.F.);
#1802=ORIENTED_EDGE('',*,*,#1325,.F.);
#1803=ORIENTED_EDGE('',*,*,#1326,.F.);
#1804=ORIENTED_EDGE('',*,*,#1325,.T.);
#1805=ORIENTED_EDGE('',*,*,#1327,.F.);
#1806=ORIENTED_EDGE('',*,*,#1320,.F.);
#1807=ORIENTED_EDGE('',*,*,#1285,.F.);
#1808=ORIENTED_EDGE('',*,*,#1327,.T.);
#1809=ORIENTED_EDGE('',*,*,#1324,.T.);
#1810=ORIENTED_EDGE('',*,*,#1317,.T.);
#1811=ORIENTED_EDGE('',*,*,#1321,.T.);
#1812=ORIENTED_EDGE('',*,*,#1261,.T.);
#1813=ORIENTED_EDGE('',*,*,#1269,.T.);
#1814=ORIENTED_EDGE('',*,*,#1302,.T.);
#1815=ORIENTED_EDGE('',*,*,#1306,.T.);
#1816=ORIENTED_EDGE('',*,*,#1328,.T.);
#1817=ORIENTED_EDGE('',*,*,#1329,.T.);
#1818=ORIENTED_EDGE('',*,*,#1330,.T.);
#1819=ORIENTED_EDGE('',*,*,#1331,.T.);
#1820=ORIENTED_EDGE('',*,*,#1332,.T.);
#1821=ORIENTED_EDGE('',*,*,#1322,.T.);
#1822=ORIENTED_EDGE('',*,*,#1326,.T.);
#1823=ORIENTED_EDGE('',*,*,#1284,.T.);
#1824=ORIENTED_EDGE('',*,*,#1274,.T.);
#1825=ORIENTED_EDGE('',*,*,#1278,.T.);
#1826=ORIENTED_EDGE('',*,*,#1281,.T.);
#1827=ORIENTED_EDGE('',*,*,#1289,.T.);
#1828=ORIENTED_EDGE('',*,*,#1333,.T.);
#1829=ORIENTED_EDGE('',*,*,#1334,.T.);
#1830=ORIENTED_EDGE('',*,*,#1335,.T.);
#1831=ORIENTED_EDGE('',*,*,#1336,.T.);
#1832=ORIENTED_EDGE('',*,*,#1337,.T.);
#1833=ORIENTED_EDGE('',*,*,#1264,.T.);
#1834=ORIENTED_EDGE('',*,*,#1254,.T.);
#1835=ORIENTED_EDGE('',*,*,#1258,.T.);
#1836=ORIENTED_EDGE('',*,*,#1290,.T.);
#1837=ORIENTED_EDGE('',*,*,#1294,.T.);
#1838=ORIENTED_EDGE('',*,*,#1297,.T.);
#1839=ORIENTED_EDGE('',*,*,#1300,.T.);
#1840=ORIENTED_EDGE('',*,*,#1338,.T.);
#1841=ORIENTED_EDGE('',*,*,#1339,.T.);
#1842=ORIENTED_EDGE('',*,*,#1340,.F.);
#1843=ORIENTED_EDGE('',*,*,#1341,.F.);
#1844=ORIENTED_EDGE('',*,*,#1333,.F.);
#1845=ORIENTED_EDGE('',*,*,#1288,.F.);
#1846=ORIENTED_EDGE('',*,*,#1341,.T.);
#1847=ORIENTED_EDGE('',*,*,#1342,.F.);
#1848=ORIENTED_EDGE('',*,*,#1343,.F.);
#1849=ORIENTED_EDGE('',*,*,#1334,.F.);
#1850=ORIENTED_EDGE('',*,*,#1343,.T.);
#1851=ORIENTED_EDGE('',*,*,#1344,.F.);
#1852=ORIENTED_EDGE('',*,*,#1345,.F.);
#1853=ORIENTED_EDGE('',*,*,#1335,.F.);
#1854=ORIENTED_EDGE('',*,*,#1345,.T.);
#1855=ORIENTED_EDGE('',*,*,#1346,.F.);
#1856=ORIENTED_EDGE('',*,*,#1339,.F.);
#1857=ORIENTED_EDGE('',*,*,#1347,.F.);
#1858=ORIENTED_EDGE('',*,*,#1346,.T.);
#1859=ORIENTED_EDGE('',*,*,#1344,.T.);
#1860=ORIENTED_EDGE('',*,*,#1342,.T.);
#1861=ORIENTED_EDGE('',*,*,#1340,.T.);
#1862=ORIENTED_EDGE('',*,*,#1348,.F.);
#1863=ORIENTED_EDGE('',*,*,#1349,.F.);
#1864=ORIENTED_EDGE('',*,*,#1350,.F.);
#1865=ORIENTED_EDGE('',*,*,#1351,.F.);
#1866=ORIENTED_EDGE('',*,*,#1352,.F.);
#1867=ORIENTED_EDGE('',*,*,#1353,.F.);
#1868=ORIENTED_EDGE('',*,*,#1354,.F.);
#1869=ORIENTED_EDGE('',*,*,#1355,.F.);
#1870=ORIENTED_EDGE('',*,*,#1356,.F.);
#1871=ORIENTED_EDGE('',*,*,#1357,.F.);
#1872=ORIENTED_EDGE('',*,*,#1358,.F.);
#1873=ORIENTED_EDGE('',*,*,#1359,.F.);
#1874=ORIENTED_EDGE('',*,*,#1360,.F.);
#1875=ORIENTED_EDGE('',*,*,#1361,.F.);
#1876=ORIENTED_EDGE('',*,*,#1319,.F.);
#1877=ORIENTED_EDGE('',*,*,#1315,.F.);
#1878=ORIENTED_EDGE('',*,*,#1362,.F.);
#1879=ORIENTED_EDGE('',*,*,#1363,.F.);
#1880=ORIENTED_EDGE('',*,*,#1364,.F.);
#1881=ORIENTED_EDGE('',*,*,#1365,.F.);
#1882=ORIENTED_EDGE('',*,*,#1366,.F.);
#1883=ORIENTED_EDGE('',*,*,#1310,.F.);
#1884=ORIENTED_EDGE('',*,*,#1313,.F.);
#1885=ORIENTED_EDGE('',*,*,#1267,.F.);
#1886=ORIENTED_EDGE('',*,*,#1250,.F.);
#1887=ORIENTED_EDGE('',*,*,#1266,.F.);
#1888=ORIENTED_EDGE('',*,*,#1367,.F.);
#1889=ORIENTED_EDGE('',*,*,#1368,.F.);
#1890=ORIENTED_EDGE('',*,*,#1338,.F.);
#1891=ORIENTED_EDGE('',*,*,#1287,.F.);
#1892=ORIENTED_EDGE('',*,*,#1270,.F.);
#1893=ORIENTED_EDGE('',*,*,#1286,.F.);
#1894=ORIENTED_EDGE('',*,*,#1355,.T.);
#1895=ORIENTED_EDGE('',*,*,#1369,.T.);
#1896=ORIENTED_EDGE('',*,*,#1370,.F.);
#1897=ORIENTED_EDGE('',*,*,#1371,.F.);
#1898=ORIENTED_EDGE('',*,*,#1372,.F.);
#1899=ORIENTED_EDGE('',*,*,#1354,.T.);
#1900=ORIENTED_EDGE('',*,*,#1373,.F.);
#1901=ORIENTED_EDGE('',*,*,#1374,.F.);
#1902=ORIENTED_EDGE('',*,*,#1375,.F.);
#1903=ORIENTED_EDGE('',*,*,#1376,.F.);
#1904=ORIENTED_EDGE('',*,*,#1369,.F.);
#1905=ORIENTED_EDGE('',*,*,#1353,.T.);
#1906=ORIENTED_EDGE('',*,*,#1377,.F.);
#1907=ORIENTED_EDGE('',*,*,#1378,.F.);
#1908=ORIENTED_EDGE('',*,*,#1379,.F.);
#1909=ORIENTED_EDGE('',*,*,#1373,.T.);
#1910=ORIENTED_EDGE('',*,*,#1352,.T.);
#1911=ORIENTED_EDGE('',*,*,#1380,.T.);
#1912=ORIENTED_EDGE('',*,*,#1381,.F.);
#1913=ORIENTED_EDGE('',*,*,#1377,.T.);
#1914=ORIENTED_EDGE('',*,*,#1351,.T.);
#1915=ORIENTED_EDGE('',*,*,#1382,.F.);
#1916=ORIENTED_EDGE('',*,*,#1383,.F.);
#1917=ORIENTED_EDGE('',*,*,#1380,.F.);
#1918=ORIENTED_EDGE('',*,*,#1350,.T.);
#1919=ORIENTED_EDGE('',*,*,#1384,.T.);
#1920=ORIENTED_EDGE('',*,*,#1385,.T.);
#1921=ORIENTED_EDGE('',*,*,#1382,.T.);
#1922=ORIENTED_EDGE('',*,*,#1349,.T.);
#1923=ORIENTED_EDGE('',*,*,#1386,.F.);
#1924=ORIENTED_EDGE('',*,*,#1387,.F.);
#1925=ORIENTED_EDGE('',*,*,#1388,.F.);
#1926=ORIENTED_EDGE('',*,*,#1389,.F.);
#1927=ORIENTED_EDGE('',*,*,#1384,.F.);
#1928=ORIENTED_EDGE('',*,*,#1365,.T.);
#1929=ORIENTED_EDGE('',*,*,#1390,.T.);
#1930=ORIENTED_EDGE('',*,*,#1329,.F.);
#1931=ORIENTED_EDGE('',*,*,#1391,.F.);
#1932=ORIENTED_EDGE('',*,*,#1364,.T.);
#1933=ORIENTED_EDGE('',*,*,#1392,.F.);
#1934=ORIENTED_EDGE('',*,*,#1330,.F.);
#1935=ORIENTED_EDGE('',*,*,#1390,.F.);
#1936=ORIENTED_EDGE('',*,*,#1363,.T.);
#1937=ORIENTED_EDGE('',*,*,#1393,.F.);
#1938=ORIENTED_EDGE('',*,*,#1331,.F.);
#1939=ORIENTED_EDGE('',*,*,#1392,.T.);
#1940=ORIENTED_EDGE('',*,*,#1323,.T.);
#1941=ORIENTED_EDGE('',*,*,#1332,.F.);
#1942=ORIENTED_EDGE('',*,*,#1393,.T.);
#1943=ORIENTED_EDGE('',*,*,#1362,.T.);
#1944=ORIENTED_EDGE('',*,*,#1360,.T.);
#1945=ORIENTED_EDGE('',*,*,#1394,.T.);
#1946=ORIENTED_EDGE('',*,*,#1395,.T.);
#1947=ORIENTED_EDGE('',*,*,#1396,.T.);
#1948=ORIENTED_EDGE('',*,*,#1397,.T.);
#1949=ORIENTED_EDGE('',*,*,#1398,.T.);
#1950=ORIENTED_EDGE('',*,*,#1395,.F.);
#1951=ORIENTED_EDGE('',*,*,#1399,.T.);
#1952=ORIENTED_EDGE('',*,*,#1400,.T.);
#1953=ORIENTED_EDGE('',*,*,#1401,.T.);
#1954=ORIENTED_EDGE('',*,*,#1397,.F.);
#1955=ORIENTED_EDGE('',*,*,#1402,.T.);
#1956=ORIENTED_EDGE('',*,*,#1403,.T.);
#1957=ORIENTED_EDGE('',*,*,#1404,.T.);
#1958=ORIENTED_EDGE('',*,*,#1400,.F.);
#1959=ORIENTED_EDGE('',*,*,#1405,.T.);
#1960=ORIENTED_EDGE('',*,*,#1358,.T.);
#1961=ORIENTED_EDGE('',*,*,#1406,.T.);
#1962=ORIENTED_EDGE('',*,*,#1403,.F.);
#1963=ORIENTED_EDGE('',*,*,#1407,.T.);
#1964=ORIENTED_EDGE('',*,*,#1357,.T.);
#1965=ORIENTED_EDGE('',*,*,#1408,.F.);
#1966=ORIENTED_EDGE('',*,*,#1409,.F.);
#1967=ORIENTED_EDGE('',*,*,#1406,.F.);
#1968=ORIENTED_EDGE('',*,*,#1359,.T.);
#1969=ORIENTED_EDGE('',*,*,#1407,.F.);
#1970=ORIENTED_EDGE('',*,*,#1405,.F.);
#1971=ORIENTED_EDGE('',*,*,#1402,.F.);
#1972=ORIENTED_EDGE('',*,*,#1399,.F.);
#1973=ORIENTED_EDGE('',*,*,#1394,.F.);
#1974=ORIENTED_EDGE('',*,*,#1348,.T.);
#1975=ORIENTED_EDGE('',*,*,#1410,.T.);
#1976=ORIENTED_EDGE('',*,*,#1411,.T.);
#1977=ORIENTED_EDGE('',*,*,#1386,.T.);
#1978=ORIENTED_EDGE('',*,*,#1412,.T.);
#1979=ORIENTED_EDGE('',*,*,#1387,.T.);
#1980=ORIENTED_EDGE('',*,*,#1411,.F.);
#1981=ORIENTED_EDGE('',*,*,#1413,.T.);
#1982=ORIENTED_EDGE('',*,*,#1414,.T.);
#1983=ORIENTED_EDGE('',*,*,#1388,.T.);
#1984=ORIENTED_EDGE('',*,*,#1412,.F.);
#1985=ORIENTED_EDGE('',*,*,#1415,.T.);
#1986=ORIENTED_EDGE('',*,*,#1414,.F.);
#1987=ORIENTED_EDGE('',*,*,#1416,.T.);
#1988=ORIENTED_EDGE('',*,*,#1385,.F.);
#1989=ORIENTED_EDGE('',*,*,#1389,.T.);
#1990=ORIENTED_EDGE('',*,*,#1416,.F.);
#1991=ORIENTED_EDGE('',*,*,#1417,.T.);
#1992=ORIENTED_EDGE('',*,*,#1418,.F.);
#1993=ORIENTED_EDGE('',*,*,#1383,.T.);
#1994=ORIENTED_EDGE('',*,*,#1401,.F.);
#1995=ORIENTED_EDGE('',*,*,#1419,.F.);
#1996=ORIENTED_EDGE('',*,*,#1420,.F.);
#1997=ORIENTED_EDGE('',*,*,#1421,.F.);
#1998=ORIENTED_EDGE('',*,*,#1422,.F.);
#1999=ORIENTED_EDGE('',*,*,#1417,.F.);
#2000=ORIENTED_EDGE('',*,*,#1415,.F.);
#2001=ORIENTED_EDGE('',*,*,#1423,.F.);
#2002=ORIENTED_EDGE('',*,*,#1398,.F.);
#2003=ORIENTED_EDGE('',*,*,#1423,.T.);
#2004=ORIENTED_EDGE('',*,*,#1413,.F.);
#2005=ORIENTED_EDGE('',*,*,#1424,.T.);
#2006=ORIENTED_EDGE('',*,*,#1361,.T.);
#2007=ORIENTED_EDGE('',*,*,#1396,.F.);
#2008=ORIENTED_EDGE('',*,*,#1424,.F.);
#2009=ORIENTED_EDGE('',*,*,#1410,.F.);
#2010=ORIENTED_EDGE('',*,*,#1379,.T.);
#2011=ORIENTED_EDGE('',*,*,#1425,.T.);
#2012=ORIENTED_EDGE('',*,*,#1422,.T.);
#2013=ORIENTED_EDGE('',*,*,#1426,.T.);
#2014=ORIENTED_EDGE('',*,*,#1374,.T.);
#2015=ORIENTED_EDGE('',*,*,#1356,.T.);
#2016=ORIENTED_EDGE('',*,*,#1372,.T.);
#2017=ORIENTED_EDGE('',*,*,#1427,.T.);
#2018=ORIENTED_EDGE('',*,*,#1408,.T.);
#2019=ORIENTED_EDGE('',*,*,#1428,.T.);
#2020=ORIENTED_EDGE('',*,*,#1429,.T.);
#2021=ORIENTED_EDGE('',*,*,#1427,.F.);
#2022=ORIENTED_EDGE('',*,*,#1371,.T.);
#2023=ORIENTED_EDGE('',*,*,#1420,.T.);
#2024=ORIENTED_EDGE('',*,*,#1428,.F.);
#2025=ORIENTED_EDGE('',*,*,#1370,.T.);
#2026=ORIENTED_EDGE('',*,*,#1376,.T.);
#2027=ORIENTED_EDGE('',*,*,#1430,.T.);
#2028=ORIENTED_EDGE('',*,*,#1421,.T.);
#2029=ORIENTED_EDGE('',*,*,#1430,.F.);
#2030=ORIENTED_EDGE('',*,*,#1375,.T.);
#2031=ORIENTED_EDGE('',*,*,#1426,.F.);
#2032=ORIENTED_EDGE('',*,*,#1381,.T.);
#2033=ORIENTED_EDGE('',*,*,#1418,.T.);
#2034=ORIENTED_EDGE('',*,*,#1425,.F.);
#2035=ORIENTED_EDGE('',*,*,#1378,.T.);
#2036=ORIENTED_EDGE('',*,*,#1404,.F.);
#2037=ORIENTED_EDGE('',*,*,#1409,.T.);
#2038=ORIENTED_EDGE('',*,*,#1429,.F.);
#2039=ORIENTED_EDGE('',*,*,#1419,.T.);
#2040=ORIENTED_EDGE('',*,*,#1347,.T.);
#2041=ORIENTED_EDGE('',*,*,#1368,.T.);
#2042=ORIENTED_EDGE('',*,*,#1431,.F.);
#2043=ORIENTED_EDGE('',*,*,#1336,.F.);
#2044=ORIENTED_EDGE('',*,*,#1309,.T.);
#2045=ORIENTED_EDGE('',*,*,#1366,.T.);
#2046=ORIENTED_EDGE('',*,*,#1391,.T.);
#2047=ORIENTED_EDGE('',*,*,#1328,.F.);
#2048=ORIENTED_EDGE('',*,*,#1367,.T.);
#2049=ORIENTED_EDGE('',*,*,#1265,.F.);
#2050=ORIENTED_EDGE('',*,*,#1337,.F.);
#2051=ORIENTED_EDGE('',*,*,#1431,.T.);
#2052=CYLINDRICAL_SURFACE('',#2234,2.);
#2053=CYLINDRICAL_SURFACE('',#2247,10.);
#2054=CYLINDRICAL_SURFACE('',#2249,1.5);
#2055=CYLINDRICAL_SURFACE('',#2251,1.49999999999999);
#2056=CYLINDRICAL_SURFACE('',#2253,1.5);
#2057=CYLINDRICAL_SURFACE('',#2257,2.99999999999999);
#2058=CYLINDRICAL_SURFACE('',#2260,2.99999999999999);
#2059=CYLINDRICAL_SURFACE('',#2263,3.00000000000001);
#2060=CYLINDRICAL_SURFACE('',#2266,2.99999999999999);
#2061=CYLINDRICAL_SURFACE('',#2275,2.);
#2062=CYLINDRICAL_SURFACE('',#2278,2.);
#2063=CYLINDRICAL_SURFACE('',#2289,2.);
#2064=CYLINDRICAL_SURFACE('',#2294,2.);
#2065=CYLINDRICAL_SURFACE('',#2296,2.);
#2066=CYLINDRICAL_SURFACE('',#2297,2.);
#2067=CYLINDRICAL_SURFACE('',#2300,5.);
#2068=CYLINDRICAL_SURFACE('',#2308,2.);
#2069=CYLINDRICAL_SURFACE('',#2313,2.);
#2070=CYLINDRICAL_SURFACE('',#2315,2.);
#2071=CYLINDRICAL_SURFACE('',#2318,2.);
#2072=CYLINDRICAL_SURFACE('',#2321,2.);
#2073=CYLINDRICAL_SURFACE('',#2322,2.);
#2074=CYLINDRICAL_SURFACE('',#2327,2.);
#2075=CYLINDRICAL_SURFACE('',#2330,2.);
#2076=CYLINDRICAL_SURFACE('',#2334,2.);
#2077=CYLINDRICAL_SURFACE('',#2336,2.);
#2078=CYLINDRICAL_SURFACE('',#2388,2.);
#2079=CYLINDRICAL_SURFACE('',#2391,2.);
#2080=CYLINDRICAL_SURFACE('',#2400,2.);
#2081=CYLINDRICAL_SURFACE('',#2406,2.);
#2082=CYLINDRICAL_SURFACE('',#2412,2.);
#2083=CYLINDRICAL_SURFACE('',#2415,2.);
#2084=CYLINDRICAL_SURFACE('',#2420,2.);
#2085=CYLINDRICAL_SURFACE('',#2424,5.);
#2086=CYLINDRICAL_SURFACE('',#2427,5.);
#2087=CYLINDRICAL_SURFACE('',#2429,2.);
#2088=CYLINDRICAL_SURFACE('',#2432,2.);
#2089=CYLINDRICAL_SURFACE('',#2437,2.);
#2090=CYLINDRICAL_SURFACE('',#2439,2.);
#2091=CYLINDRICAL_SURFACE('',#2441,5.);
#2092=ADVANCED_FACE('',(#133),#2052,.T.);
#2093=ADVANCED_FACE('',(#134),#58,.F.);
#2094=ADVANCED_FACE('',(#135,#41,#42,#43,#44,#45,#46,#47,#48,#49),#59,.T.);
#2095=ADVANCED_FACE('',(#136),#2053,.F.);
#2096=ADVANCED_FACE('',(#137),#2054,.F.);
#2097=ADVANCED_FACE('',(#138),#2055,.F.);
#2098=ADVANCED_FACE('',(#139),#2056,.F.);
#2099=ADVANCED_FACE('',(#140),#60,.F.);
#2100=ADVANCED_FACE('',(#141),#2057,.T.);
#2101=ADVANCED_FACE('',(#142),#61,.F.);
#2102=ADVANCED_FACE('',(#143),#2058,.T.);
#2103=ADVANCED_FACE('',(#144),#62,.F.);
#2104=ADVANCED_FACE('',(#145),#2059,.T.);
#2105=ADVANCED_FACE('',(#146),#63,.F.);
#2106=ADVANCED_FACE('',(#147),#2060,.T.);
#2107=ADVANCED_FACE('',(#148),#64,.T.);
#2108=ADVANCED_FACE('',(#149),#65,.T.);
#2109=ADVANCED_FACE('',(#150),#66,.F.);
#2110=ADVANCED_FACE('',(#151),#67,.F.);
#2111=ADVANCED_FACE('',(#152),#68,.F.);
#2112=ADVANCED_FACE('',(#153),#69,.F.);
#2113=ADVANCED_FACE('',(#154),#2061,.T.);
#2114=ADVANCED_FACE('',(#155),#2062,.T.);
#2115=ADVANCED_FACE('',(#156),#70,.T.);
#2116=ADVANCED_FACE('',(#157),#25,.T.);
#2117=ADVANCED_FACE('',(#158),#26,.T.);
#2118=ADVANCED_FACE('',(#159),#2063,.T.);
#2119=ADVANCED_FACE('',(#160),#17,.T.);
#2120=ADVANCED_FACE('',(#161),#2064,.T.);
#2121=ADVANCED_FACE('',(#162),#2065,.T.);
#2122=ADVANCED_FACE('',(#163),#2066,.T.);
#2123=ADVANCED_FACE('',(#164),#71,.T.);
#2124=ADVANCED_FACE('',(#165),#2067,.T.);
#2125=ADVANCED_FACE('',(#166),#27,.T.);
#2126=ADVANCED_FACE('',(#167),#28,.T.);
#2127=ADVANCED_FACE('',(#168),#2068,.T.);
#2128=ADVANCED_FACE('',(#169),#18,.T.);
#2129=ADVANCED_FACE('',(#170),#2069,.T.);
#2130=ADVANCED_FACE('',(#171,#50,#51,#52,#53,#54),#72,.F.);
#2131=ADVANCED_FACE('',(#172),#2070,.T.);
#2132=ADVANCED_FACE('',(#173),#2071,.T.);
#2133=ADVANCED_FACE('',(#174),#2072,.T.);
#2134=ADVANCED_FACE('',(#175),#2073,.T.);
#2135=ADVANCED_FACE('',(#176),#73,.F.);
#2136=ADVANCED_FACE('',(#177),#74,.F.);
#2137=ADVANCED_FACE('',(#178),#75,.F.);
#2138=ADVANCED_FACE('',(#179),#76,.F.);
#2139=ADVANCED_FACE('',(#180),#2074,.T.);
#2140=ADVANCED_FACE('',(#181),#77,.T.);
#2141=ADVANCED_FACE('',(#182),#2075,.T.);
#2142=ADVANCED_FACE('',(#183),#78,.T.);
#2143=ADVANCED_FACE('',(#184),#79,.T.);
#2144=ADVANCED_FACE('',(#185),#2076,.T.);
#2145=ADVANCED_FACE('',(#186),#2077,.T.);
#2146=ADVANCED_FACE('',(#187,#55),#80,.T.);
#2147=ADVANCED_FACE('',(#188),#81,.T.);
#2148=ADVANCED_FACE('',(#189),#82,.T.);
#2149=ADVANCED_FACE('',(#190),#83,.T.);
#2150=ADVANCED_FACE('',(#191),#84,.T.);
#2151=ADVANCED_FACE('',(#192),#85,.T.);
#2152=ADVANCED_FACE('',(#193),#86,.F.);
#2153=ADVANCED_FACE('',(#194),#87,.F.);
#2154=ADVANCED_FACE('',(#195),#88,.T.);
#2155=ADVANCED_FACE('',(#196),#89,.T.);
#2156=ADVANCED_FACE('',(#197),#90,.T.);
#2157=ADVANCED_FACE('',(#198),#91,.T.);
#2158=ADVANCED_FACE('',(#199),#92,.T.);
#2159=ADVANCED_FACE('',(#200),#93,.F.);
#2160=ADVANCED_FACE('',(#201),#94,.F.);
#2161=ADVANCED_FACE('',(#202),#95,.T.);
#2162=ADVANCED_FACE('',(#203),#96,.T.);
#2163=ADVANCED_FACE('',(#204),#97,.T.);
#2164=ADVANCED_FACE('',(#205),#98,.T.);
#2165=ADVANCED_FACE('',(#206),#99,.T.);
#2166=ADVANCED_FACE('',(#207),#100,.T.);
#2167=ADVANCED_FACE('',(#208),#101,.T.);
#2168=ADVANCED_FACE('',(#209),#102,.T.);
#2169=ADVANCED_FACE('',(#210),#103,.T.);
#2170=ADVANCED_FACE('',(#211),#104,.T.);
#2171=ADVANCED_FACE('',(#212),#105,.T.);
#2172=ADVANCED_FACE('',(#213),#106,.T.);
#2173=ADVANCED_FACE('',(#214),#107,.T.);
#2174=ADVANCED_FACE('',(#215),#108,.T.);
#2175=ADVANCED_FACE('',(#216),#109,.T.);
#2176=ADVANCED_FACE('',(#217,#56),#110,.T.);
#2177=ADVANCED_FACE('',(#218),#111,.T.);
#2178=ADVANCED_FACE('',(#219),#112,.T.);
#2179=ADVANCED_FACE('',(#220),#113,.T.);
#2180=ADVANCED_FACE('',(#221),#114,.T.);
#2181=ADVANCED_FACE('',(#222),#115,.T.);
#2182=ADVANCED_FACE('',(#223,#57),#116,.F.);
#2183=ADVANCED_FACE('',(#224),#117,.F.);
#2184=ADVANCED_FACE('',(#225),#118,.F.);
#2185=ADVANCED_FACE('',(#226),#119,.F.);
#2186=ADVANCED_FACE('',(#227),#2078,.T.);
#2187=ADVANCED_FACE('',(#228),#120,.T.);
#2188=ADVANCED_FACE('',(#229),#2079,.T.);
#2189=ADVANCED_FACE('',(#230),#121,.T.);
#2190=ADVANCED_FACE('',(#231),#122,.T.);
#2191=ADVANCED_FACE('',(#232),#123,.F.);
#2192=ADVANCED_FACE('',(#233),#124,.T.);
#2193=ADVANCED_FACE('',(#234),#125,.F.);
#2194=ADVANCED_FACE('',(#235),#2080,.T.);
#2195=ADVANCED_FACE('',(#236),#19,.T.);
#2196=ADVANCED_FACE('',(#237),#2081,.T.);
#2197=ADVANCED_FACE('',(#238),#20,.T.);
#2198=ADVANCED_FACE('',(#239),#2082,.T.);
#2199=ADVANCED_FACE('',(#240),#126,.T.);
#2200=ADVANCED_FACE('',(#241),#127,.T.);
#2201=ADVANCED_FACE('',(#242),#2083,.T.);
#2202=ADVANCED_FACE('',(#243),#21,.T.);
#2203=ADVANCED_FACE('',(#244),#2084,.T.);
#2204=ADVANCED_FACE('',(#245),#22,.T.);
#2205=ADVANCED_FACE('',(#246),#2085,.T.);
#2206=ADVANCED_FACE('',(#247),#128,.F.);
#2207=ADVANCED_FACE('',(#248),#2086,.T.);
#2208=ADVANCED_FACE('',(#249),#129,.T.);
#2209=ADVANCED_FACE('',(#250),#2087,.T.);
#2210=ADVANCED_FACE('',(#251),#2088,.T.);
#2211=ADVANCED_FACE('',(#252),#23,.T.);
#2212=ADVANCED_FACE('',(#253),#2089,.T.);
#2213=ADVANCED_FACE('',(#254),#2090,.T.);
#2214=ADVANCED_FACE('',(#255),#24,.T.);
#2215=ADVANCED_FACE('',(#256),#2091,.T.);
#2216=ADVANCED_FACE('',(#257),#130,.F.);
#2217=ADVANCED_FACE('',(#258),#131,.F.);
#2218=ADVANCED_FACE('',(#259),#132,.F.);
#2219=CLOSED_SHELL('',(#2092,#2093,#2094,#2095,#2096,#2097,#2098,#2099,
#2100,#2101,#2102,#2103,#2104,#2105,#2106,#2107,#2108,#2109,#2110,#2111,
#2112,#2113,#2114,#2115,#2116,#2117,#2118,#2119,#2120,#2121,#2122,#2123,
#2124,#2125,#2126,#2127,#2128,#2129,#2130,#2131,#2132,#2133,#2134,#2135,
#2136,#2137,#2138,#2139,#2140,#2141,#2142,#2143,#2144,#2145,#2146));
#2220=CLOSED_SHELL('',(#2147,#2148,#2149,#2150,#2151,#2152,#2153,#2154,
#2155,#2156,#2157,#2158,#2159,#2160,#2161,#2162,#2163,#2164,#2165,#2166,
#2167,#2168,#2169,#2170,#2171,#2172,#2173,#2174,#2175,#2176,#2177,#2178,
#2179,#2180,#2181,#2182,#2183,#2184,#2185,#2186,#2187,#2188,#2189,#2190,
#2191,#2192,#2193,#2194,#2195,#2196,#2197,#2198,#2199,#2200,#2201,#2202,
#2203,#2204,#2205,#2206,#2207,#2208,#2209,#2210,#2211,#2212,#2213,#2214,
#2215,#2216,#2217,#2218));
#2221=DERIVED_UNIT_ELEMENT(#2223,1.);
#2222=DERIVED_UNIT_ELEMENT(#3732,-3.);
#2223=(
MASS_UNIT()
NAMED_UNIT(*)
SI_UNIT(.KILO.,.GRAM.)
);
#2224=DERIVED_UNIT((#2221,#2222));
#2225=MEASURE_REPRESENTATION_ITEM('density measure',
POSITIVE_RATIO_MEASURE(7850.),#2224);
#2226=PROPERTY_DEFINITION_REPRESENTATION(#2231,#2228);
#2227=PROPERTY_DEFINITION_REPRESENTATION(#2232,#2229);
#2228=REPRESENTATION('material name',(#2230),#3729);
#2229=REPRESENTATION('density',(#2225),#3729);
#2230=DESCRIPTIVE_REPRESENTATION_ITEM('Steel','Steel');
#2231=PROPERTY_DEFINITION('material property','material name',#3739);
#2232=PROPERTY_DEFINITION('material property','density of part',#3739);
#2233=AXIS2_PLACEMENT_3D('',#3095,#2445,#2446);
#2234=AXIS2_PLACEMENT_3D('',#3096,#2447,#2448);
#2235=AXIS2_PLACEMENT_3D('',#3099,#2449,#2450);
#2236=AXIS2_PLACEMENT_3D('',#3103,#2452,#2453);
#2237=AXIS2_PLACEMENT_3D('',#3105,#2455,#2456);
#2238=AXIS2_PLACEMENT_3D('',#3114,#2461,#2462);
#2239=AXIS2_PLACEMENT_3D('',#3121,#2466,#2467);
#2240=AXIS2_PLACEMENT_3D('',#3123,#2468,#2469);
#2241=AXIS2_PLACEMENT_3D('',#3125,#2470,#2471);
#2242=AXIS2_PLACEMENT_3D('',#3127,#2472,#2473);
#2243=AXIS2_PLACEMENT_3D('',#3129,#2474,#2475);
#2244=AXIS2_PLACEMENT_3D('',#3131,#2476,#2477);
#2245=AXIS2_PLACEMENT_3D('',#3133,#2478,#2479);
#2246=AXIS2_PLACEMENT_3D('',#3143,#2484,#2485);
#2247=AXIS2_PLACEMENT_3D('',#3144,#2486,#2487);
#2248=AXIS2_PLACEMENT_3D('',#3146,#2488,#2489);
#2249=AXIS2_PLACEMENT_3D('',#3148,#2491,#2492);
#2250=AXIS2_PLACEMENT_3D('',#3150,#2493,#2494);
#2251=AXIS2_PLACEMENT_3D('',#3152,#2496,#2497);
#2252=AXIS2_PLACEMENT_3D('',#3154,#2498,#2499);
#2253=AXIS2_PLACEMENT_3D('',#3156,#2501,#2502);
#2254=AXIS2_PLACEMENT_3D('',#3158,#2503,#2504);
#2255=AXIS2_PLACEMENT_3D('',#3160,#2506,#2507);
#2256=AXIS2_PLACEMENT_3D('',#3162,#2508,#2509);
#2257=AXIS2_PLACEMENT_3D('',#3163,#2510,#2511);
#2258=AXIS2_PLACEMENT_3D('',#3165,#2513,#2514);
#2259=AXIS2_PLACEMENT_3D('',#3167,#2515,#2516);
#2260=AXIS2_PLACEMENT_3D('',#3168,#2517,#2518);
#2261=AXIS2_PLACEMENT_3D('',#3170,#2520,#2521);
#2262=AXIS2_PLACEMENT_3D('',#3172,#2522,#2523);
#2263=AXIS2_PLACEMENT_3D('',#3173,#2524,#2525);
#2264=AXIS2_PLACEMENT_3D('',#3175,#2527,#2528);
#2265=AXIS2_PLACEMENT_3D('',#3177,#2529,#2530);
#2266=AXIS2_PLACEMENT_3D('',#3178,#2531,#2532);
#2267=AXIS2_PLACEMENT_3D('',#3180,#2534,#2535);
#2268=AXIS2_PLACEMENT_3D('',#3187,#2539,#2540);
#2269=AXIS2_PLACEMENT_3D('',#3194,#2544,#2545);
#2270=AXIS2_PLACEMENT_3D('',#3197,#2548,#2549);
#2271=AXIS2_PLACEMENT_3D('',#3204,#2553,#2554);
#2272=AXIS2_PLACEMENT_3D('',#3208,#2556,#2557);
#2273=AXIS2_PLACEMENT_3D('',#3212,#2559,#2560);
#2274=AXIS2_PLACEMENT_3D('',#3214,#2562,#2563);
#2275=AXIS2_PLACEMENT_3D('',#3218,#2566,#2567);
#2276=AXIS2_PLACEMENT_3D('',#3222,#2569,#2570);
#2277=AXIS2_PLACEMENT_3D('',#3223,#2571,#2572);
#2278=AXIS2_PLACEMENT_3D('',#3224,#2573,#2574);
#2279=AXIS2_PLACEMENT_3D('',#3226,#2575,#2576);
#2280=AXIS2_PLACEMENT_3D('',#3228,#2578,#2579);
#2281=AXIS2_PLACEMENT_3D('',#3235,#2582,#2583);
#2282=AXIS2_PLACEMENT_3D('',#3241,#2587,#2588);
#2283=AXIS2_PLACEMENT_3D('',#3242,#2589,#2590);
#2284=AXIS2_PLACEMENT_3D('',#3243,#2591,#2592);
#2285=AXIS2_PLACEMENT_3D('',#3244,#2593,#2594);
#2286=AXIS2_PLACEMENT_3D('',#3246,#2595,#2596);
#2287=AXIS2_PLACEMENT_3D('',#3248,#2597,#2598);
#2288=AXIS2_PLACEMENT_3D('',#3249,#2599,#2600);
#2289=AXIS2_PLACEMENT_3D('',#3250,#2601,#2602);
#2290=AXIS2_PLACEMENT_3D('',#3252,#2603,#2604);
#2291=AXIS2_PLACEMENT_3D('',#3254,#2606,#2607);
#2292=AXIS2_PLACEMENT_3D('',#3256,#2608,#2609);
#2293=AXIS2_PLACEMENT_3D('',#3257,#2610,#2611);
#2294=AXIS2_PLACEMENT_3D('',#3258,#2612,#2613);
#2295=AXIS2_PLACEMENT_3D('',#3260,#2614,#2615);
#2296=AXIS2_PLACEMENT_3D('',#3262,#2617,#2618);
#2297=AXIS2_PLACEMENT_3D('',#3264,#2620,#2621);
#2298=AXIS2_PLACEMENT_3D('',#3267,#2622,#2623);
#2299=AXIS2_PLACEMENT_3D('',#3270,#2626,#2627);
#2300=AXIS2_PLACEMENT_3D('',#3274,#2630,#2631);
#2301=AXIS2_PLACEMENT_3D('',#3276,#2632,#2633);
#2302=AXIS2_PLACEMENT_3D('',#3278,#2635,#2636);
#2303=AXIS2_PLACEMENT_3D('',#3280,#2637,#2638);
#2304=AXIS2_PLACEMENT_3D('',#3281,#2639,#2640);
#2305=AXIS2_PLACEMENT_3D('',#3282,#2641,#2642);
#2306=AXIS2_PLACEMENT_3D('',#3284,#2643,#2644);
#2307=AXIS2_PLACEMENT_3D('',#3285,#2645,#2646);
#2308=AXIS2_PLACEMENT_3D('',#3286,#2647,#2648);
#2309=AXIS2_PLACEMENT_3D('',#3289,#2651,#2652);
#2310=AXIS2_PLACEMENT_3D('',#3291,#2653,#2654);
#2311=AXIS2_PLACEMENT_3D('',#3293,#2655,#2656);
#2312=AXIS2_PLACEMENT_3D('',#3294,#2657,#2658);
#2313=AXIS2_PLACEMENT_3D('',#3295,#2659,#2660);
#2314=AXIS2_PLACEMENT_3D('',#3297,#2662,#2663);
#2315=AXIS2_PLACEMENT_3D('',#3306,#2668,#2669);
#2316=AXIS2_PLACEMENT_3D('',#3307,#2670,#2671);
#2317=AXIS2_PLACEMENT_3D('',#3308,#2672,#2673);
#2318=AXIS2_PLACEMENT_3D('',#3309,#2674,#2675);
#2319=AXIS2_PLACEMENT_3D('',#3310,#2676,#2677);
#2320=AXIS2_PLACEMENT_3D('',#3311,#2678,#2679);
#2321=AXIS2_PLACEMENT_3D('',#3312,#2680,#2681);
#2322=AXIS2_PLACEMENT_3D('',#3313,#2682,#2683);
#2323=AXIS2_PLACEMENT_3D('',#3314,#2684,#2685);
#2324=AXIS2_PLACEMENT_3D('',#3320,#2689,#2690);
#2325=AXIS2_PLACEMENT_3D('',#3325,#2694,#2695);
#2326=AXIS2_PLACEMENT_3D('',#3329,#2698,#2699);
#2327=AXIS2_PLACEMENT_3D('',#3331,#2701,#2702);
#2328=AXIS2_PLACEMENT_3D('',#3333,#2703,#2704);
#2329=AXIS2_PLACEMENT_3D('',#3335,#2706,#2707);
#2330=AXIS2_PLACEMENT_3D('',#3339,#2710,#2711);
#2331=AXIS2_PLACEMENT_3D('',#3341,#2712,#2713);
#2332=AXIS2_PLACEMENT_3D('',#3343,#2715,#2716);
#2333=AXIS2_PLACEMENT_3D('',#3350,#2721,#2722);
#2334=AXIS2_PLACEMENT_3D('',#3354,#2725,#2726);
#2335=AXIS2_PLACEMENT_3D('',#3355,#2727,#2728);
#2336=AXIS2_PLACEMENT_3D('',#3356,#2729,#2730);
#2337=AXIS2_PLACEMENT_3D('',#3357,#2731,#2732);
#2338=AXIS2_PLACEMENT_3D('',#3358,#2733,#2734);
#2339=AXIS2_PLACEMENT_3D('',#3359,#2735,#2736);
#2340=AXIS2_PLACEMENT_3D('',#3368,#2741,#2742);
#2341=AXIS2_PLACEMENT_3D('',#3376,#2747,#2748);
#2342=AXIS2_PLACEMENT_3D('',#3382,#2752,#2753);
#2343=AXIS2_PLACEMENT_3D('',#3387,#2757,#2758);
#2344=AXIS2_PLACEMENT_3D('',#3388,#2759,#2760);
#2345=AXIS2_PLACEMENT_3D('',#3394,#2764,#2765);
#2346=AXIS2_PLACEMENT_3D('',#3400,#2769,#2770);
#2347=AXIS2_PLACEMENT_3D('',#3409,#2775,#2776);
#2348=AXIS2_PLACEMENT_3D('',#3417,#2781,#2782);
#2349=AXIS2_PLACEMENT_3D('',#3423,#2786,#2787);
#2350=AXIS2_PLACEMENT_3D('',#3428,#2791,#2792);
#2351=AXIS2_PLACEMENT_3D('',#3429,#2793,#2794);
#2352=AXIS2_PLACEMENT_3D('',#3435,#2798,#2799);
#2353=AXIS2_PLACEMENT_3D('',#3441,#2803,#2804);
#2354=AXIS2_PLACEMENT_3D('',#3450,#2809,#2810);
#2355=AXIS2_PLACEMENT_3D('',#3456,#2814,#2815);
#2356=AXIS2_PLACEMENT_3D('',#3462,#2819,#2820);
#2357=AXIS2_PLACEMENT_3D('',#3465,#2823,#2824);
#2358=AXIS2_PLACEMENT_3D('',#3466,#2825,#2826);
#2359=AXIS2_PLACEMENT_3D('',#3474,#2831,#2832);
#2360=AXIS2_PLACEMENT_3D('',#3482,#2837,#2838);
#2361=AXIS2_PLACEMENT_3D('',#3488,#2842,#2843);
#2362=AXIS2_PLACEMENT_3D('',#3491,#2846,#2847);
#2363=AXIS2_PLACEMENT_3D('',#3492,#2848,#2849);
#2364=AXIS2_PLACEMENT_3D('',#3501,#2854,#2855);
#2365=AXIS2_PLACEMENT_3D('',#3506,#2859,#2860);
#2366=AXIS2_PLACEMENT_3D('',#3514,#2865,#2866);
#2367=AXIS2_PLACEMENT_3D('',#3517,#2869,#2870);
#2368=AXIS2_PLACEMENT_3D('',#3518,#2871,#2872);
#2369=AXIS2_PLACEMENT_3D('',#3537,#2883,#2884);
#2370=AXIS2_PLACEMENT_3D('',#3545,#2889,#2890);
#2371=AXIS2_PLACEMENT_3D('',#3549,#2893,#2894);
#2372=AXIS2_PLACEMENT_3D('',#3553,#2897,#2898);
#2373=AXIS2_PLACEMENT_3D('',#3556,#2901,#2902);
#2374=AXIS2_PLACEMENT_3D('',#3557,#2903,#2904);
#2375=AXIS2_PLACEMENT_3D('',#3560,#2905,#2906);
#2376=AXIS2_PLACEMENT_3D('',#3564,#2908,#2909);
#2377=AXIS2_PLACEMENT_3D('',#3568,#2911,#2912);
#2378=AXIS2_PLACEMENT_3D('',#3576,#2916,#2917);
#2379=AXIS2_PLACEMENT_3D('',#3580,#2919,#2920);
#2380=AXIS2_PLACEMENT_3D('',#3584,#2922,#2923);
#2381=AXIS2_PLACEMENT_3D('',#3598,#2932,#2933);
#2382=AXIS2_PLACEMENT_3D('',#3604,#2936,#2937);
#2383=AXIS2_PLACEMENT_3D('',#3606,#2939,#2940);
#2384=AXIS2_PLACEMENT_3D('',#3610,#2942,#2943);
#2385=AXIS2_PLACEMENT_3D('',#3613,#2945,#2946);
#2386=AXIS2_PLACEMENT_3D('',#3614,#2947,#2948);
#2387=AXIS2_PLACEMENT_3D('',#3618,#2950,#2951);
#2388=AXIS2_PLACEMENT_3D('',#3620,#2953,#2954);
#2389=AXIS2_PLACEMENT_3D('',#3623,#2956,#2957);
#2390=AXIS2_PLACEMENT_3D('',#3624,#2958,#2959);
#2391=AXIS2_PLACEMENT_3D('',#3628,#2962,#2963);
#2392=AXIS2_PLACEMENT_3D('',#3631,#2965,#2966);
#2393=AXIS2_PLACEMENT_3D('',#3632,#2967,#2968);
#2394=AXIS2_PLACEMENT_3D('',#3636,#2970,#2971);
#2395=AXIS2_PLACEMENT_3D('',#3639,#2973,#2974);
#2396=AXIS2_PLACEMENT_3D('',#3640,#2975,#2976);
#2397=AXIS2_PLACEMENT_3D('',#3643,#2979,#2980);
#2398=AXIS2_PLACEMENT_3D('',#3645,#2982,#2983);
#2399=AXIS2_PLACEMENT_3D('',#3647,#2985,#2986);
#2400=AXIS2_PLACEMENT_3D('',#3648,#2987,#2988);
#2401=AXIS2_PLACEMENT_3D('',#3652,#2990,#2991);
#2402=AXIS2_PLACEMENT_3D('',#3654,#2993,#2994);
#2403=AXIS2_PLACEMENT_3D('',#3657,#2995,#2996);
#2404=AXIS2_PLACEMENT_3D('',#3658,#2997,#2998);
#2405=AXIS2_PLACEMENT_3D('',#3659,#2999,#3000);
#2406=AXIS2_PLACEMENT_3D('',#3660,#3001,#3002);
#2407=AXIS2_PLACEMENT_3D('',#3663,#3003,#3004);
#2408=AXIS2_PLACEMENT_3D('',#3666,#3007,#3008);
#2409=AXIS2_PLACEMENT_3D('',#3669,#3009,#3010);
#2410=AXIS2_PLACEMENT_3D('',#3670,#3011,#3012);
#2411=AXIS2_PLACEMENT_3D('',#3671,#3013,#3014);
#2412=AXIS2_PLACEMENT_3D('',#3672,#3015,#3016);
#2413=AXIS2_PLACEMENT_3D('',#3675,#3019,#3020);
#2414=AXIS2_PLACEMENT_3D('',#3679,#3023,#3024);
#2415=AXIS2_PLACEMENT_3D('',#3680,#3025,#3026);
#2416=AXIS2_PLACEMENT_3D('',#3683,#3028,#3029);
#2417=AXIS2_PLACEMENT_3D('',#3684,#3030,#3031);
#2418=AXIS2_PLACEMENT_3D('',#3686,#3032,#3033);
#2419=AXIS2_PLACEMENT_3D('',#3687,#3034,#3035);
#2420=AXIS2_PLACEMENT_3D('',#3688,#3036,#3037);
#2421=AXIS2_PLACEMENT_3D('',#3690,#3038,#3039);
#2422=AXIS2_PLACEMENT_3D('',#3692,#3041,#3042);
#2423=AXIS2_PLACEMENT_3D('',#3693,#3043,#3044);
#2424=AXIS2_PLACEMENT_3D('',#3694,#3045,#3046);
#2425=AXIS2_PLACEMENT_3D('',#3697,#3048,#3049);
#2426=AXIS2_PLACEMENT_3D('',#3698,#3050,#3051);
#2427=AXIS2_PLACEMENT_3D('',#3707,#3057,#3058);
#2428=AXIS2_PLACEMENT_3D('',#3709,#3060,#3061);
#2429=AXIS2_PLACEMENT_3D('',#3710,#3062,#3063);
#2430=AXIS2_PLACEMENT_3D('',#3711,#3064,#3065);
#2431=AXIS2_PLACEMENT_3D('',#3712,#3066,#3067);
#2432=AXIS2_PLACEMENT_3D('',#3713,#3068,#3069);
#2433=AXIS2_PLACEMENT_3D('',#3714,#3070,#3071);
#2434=AXIS2_PLACEMENT_3D('',#3715,#3072,#3073);
#2435=AXIS2_PLACEMENT_3D('',#3716,#3074,#3075);
#2436=AXIS2_PLACEMENT_3D('',#3717,#3076,#3077);
#2437=AXIS2_PLACEMENT_3D('',#3718,#3078,#3079);
#2438=AXIS2_PLACEMENT_3D('',#3719,#3080,#3081);
#2439=AXIS2_PLACEMENT_3D('',#3720,#3082,#3083);
#2440=AXIS2_PLACEMENT_3D('',#3721,#3084,#3085);
#2441=AXIS2_PLACEMENT_3D('',#3722,#3086,#3087);
#2442=AXIS2_PLACEMENT_3D('',#3723,#3088,#3089);
#2443=AXIS2_PLACEMENT_3D('',#3725,#3091,#3092);
#2444=AXIS2_PLACEMENT_3D('',#3726,#3093,#3094);
#2445=DIRECTION('axis',(0.,0.,1.));
#2446=DIRECTION('refdir',(1.,0.,0.));
#2447=DIRECTION('center_axis',(-1.,0.,0.));
#2448=DIRECTION('ref_axis',(0.,-0.923879532511286,0.382683432365091));
#2449=DIRECTION('center_axis',(-1.,0.,0.));
#2450=DIRECTION('ref_axis',(0.,-0.923879532511286,0.382683432365092));
#2451=DIRECTION('',(1.,0.,0.));
#2452=DIRECTION('center_axis',(1.,0.,0.));
#2453=DIRECTION('ref_axis',(0.,-0.923879532511286,0.382683432365092));
#2454=DIRECTION('',(-1.,0.,0.));
#2455=DIRECTION('center_axis',(0.,0.,1.));
#2456=DIRECTION('ref_axis',(1.,0.,0.));
#2457=DIRECTION('',(1.,0.,0.));
#2458=DIRECTION('',(0.,1.,0.));
#2459=DIRECTION('',(-1.,0.,0.));
#2460=DIRECTION('',(0.,1.,0.));
#2461=DIRECTION('center_axis',(0.,0.707106781186547,-0.707106781186548));
#2462=DIRECTION('ref_axis',(0.,-0.707106781186548,-0.707106781186547));
#2463=DIRECTION('',(0.,-0.707106781186548,-0.707106781186547));
#2464=DIRECTION('',(-1.,0.,0.));
#2465=DIRECTION('',(0.,0.707106781186548,0.707106781186547));
#2466=DIRECTION('center_axis',(0.,-0.707106781186547,0.707106781186548));
#2467=DIRECTION('ref_axis',(1.,0.,0.));
#2468=DIRECTION('center_axis',(0.,-0.707106781186547,0.707106781186548));
#2469=DIRECTION('ref_axis',(1.,0.,0.));
#2470=DIRECTION('center_axis',(0.,-0.707106781186547,0.707106781186548));
#2471=DIRECTION('ref_axis',(1.,0.,0.));
#2472=DIRECTION('center_axis',(0.,-0.707106781186547,0.707106781186548));
#2473=DIRECTION('ref_axis',(1.,0.,0.));
#2474=DIRECTION('center_axis',(0.,-0.707106781186547,0.707106781186548));
#2475=DIRECTION('ref_axis',(1.,0.,0.));
#2476=DIRECTION('center_axis',(0.,-0.707106781186547,0.707106781186548));
#2477=DIRECTION('ref_axis',(1.,0.,0.));
#2478=DIRECTION('center_axis',(0.,-0.707106781186547,0.707106781186548));
#2479=DIRECTION('ref_axis',(1.,0.,0.));
#2480=DIRECTION('',(-1.,0.,0.));
#2481=DIRECTION('',(0.,-0.707106781186548,-0.707106781186547));
#2482=DIRECTION('',(1.,0.,0.));
#2483=DIRECTION('',(0.,0.707106781186548,0.707106781186547));
#2484=DIRECTION('center_axis',(0.,-0.707106781186547,0.707106781186548));
#2485=DIRECTION('ref_axis',(1.,0.,0.));
#2486=DIRECTION('center_axis',(0.,0.707106781186549,-0.707106781186546));
#2487=DIRECTION('ref_axis',(1.,0.,0.));
#2488=DIRECTION('center_axis',(0.,0.707106781186547,-0.707106781186548));
#2489=DIRECTION('ref_axis',(1.,0.,0.));
#2490=DIRECTION('',(0.,0.707106781186549,-0.707106781186546));
#2491=DIRECTION('center_axis',(0.,0.707106781186548,-0.707106781186548));
#2492=DIRECTION('ref_axis',(1.,0.,0.));
#2493=DIRECTION('center_axis',(0.,0.707106781186547,-0.707106781186548));
#2494=DIRECTION('ref_axis',(1.,0.,0.));
#2495=DIRECTION('',(0.,0.707106781186547,-0.707106781186547));
#2496=DIRECTION('center_axis',(0.,0.707106781186549,-0.707106781186546));
#2497=DIRECTION('ref_axis',(1.,0.,0.));
#2498=DIRECTION('center_axis',(0.,0.707106781186547,-0.707106781186548));
#2499=DIRECTION('ref_axis',(1.,0.,0.));
#2500=DIRECTION('',(0.,0.707106781186549,-0.707106781186546));
#2501=DIRECTION('center_axis',(0.,0.707106781186549,-0.707106781186546));
#2502=DIRECTION('ref_axis',(1.,0.,0.));
#2503=DIRECTION('center_axis',(0.,0.707106781186547,-0.707106781186548));
#2504=DIRECTION('ref_axis',(1.,0.,0.));
#2505=DIRECTION('',(0.,0.707106781186549,-0.707106781186546));
#2506=DIRECTION('center_axis',(0.,-0.707106781186547,0.707106781186548));
#2507=DIRECTION('ref_axis',(1.,0.,0.));
#2508=DIRECTION('center_axis',(0.,0.707106781186547,-0.707106781186548));
#2509=DIRECTION('ref_axis',(1.,0.,0.));
#2510=DIRECTION('center_axis',(0.,0.707106781186548,-0.707106781186548));
#2511=DIRECTION('ref_axis',(1.,0.,0.));
#2512=DIRECTION('',(0.,-0.707106781186548,0.707106781186548));
#2513=DIRECTION('center_axis',(0.,-0.707106781186547,0.707106781186548));
#2514=DIRECTION('ref_axis',(1.,0.,0.));
#2515=DIRECTION('center_axis',(0.,0.707106781186547,-0.707106781186548));
#2516=DIRECTION('ref_axis',(1.,0.,0.));
#2517=DIRECTION('center_axis',(0.,0.707106781186548,-0.707106781186548));
#2518=DIRECTION('ref_axis',(1.,0.,0.));
#2519=DIRECTION('',(0.,-0.707106781186548,0.707106781186548));
#2520=DIRECTION('center_axis',(0.,-0.707106781186547,0.707106781186548));
#2521=DIRECTION('ref_axis',(1.,0.,0.));
#2522=DIRECTION('center_axis',(0.,0.707106781186547,-0.707106781186548));
#2523=DIRECTION('ref_axis',(1.,0.,0.));
#2524=DIRECTION('center_axis',(0.,0.707106781186548,-0.707106781186547));
#2525=DIRECTION('ref_axis',(1.,0.,0.));
#2526=DIRECTION('',(0.,-0.707106781186548,0.707106781186547));
#2527=DIRECTION('center_axis',(0.,-0.707106781186547,0.707106781186548));
#2528=DIRECTION('ref_axis',(1.,0.,0.));
#2529=DIRECTION('center_axis',(0.,0.707106781186547,-0.707106781186548));
#2530=DIRECTION('ref_axis',(1.,0.,0.));
#2531=DIRECTION('center_axis',(0.,0.707106781186548,-0.707106781186547));
#2532=DIRECTION('ref_axis',(1.,0.,0.));
#2533=DIRECTION('',(0.,-0.707106781186548,0.707106781186547));
#2534=DIRECTION('center_axis',(-1.,0.,0.));
#2535=DIRECTION('ref_axis',(0.,0.,-1.));
#2536=DIRECTION('',(0.,1.,0.));
#2537=DIRECTION('',(0.,0.707106781186548,0.707106781186547));
#2538=DIRECTION('',(0.,0.,1.));
#2539=DIRECTION('center_axis',(1.,0.,0.));
#2540=DIRECTION('ref_axis',(0.,0.,1.));
#2541=DIRECTION('',(0.,-1.,0.));
#2542=DIRECTION('',(0.,0.,-1.));
#2543=DIRECTION('',(0.,-0.707106781186548,-0.707106781186547));
#2544=DIRECTION('center_axis',(0.,0.707106781186547,-0.707106781186548));
#2545=DIRECTION('ref_axis',(0.,-0.707106781186548,-0.707106781186547));
#2546=DIRECTION('',(-1.,0.,0.));
#2547=DIRECTION('',(1.,0.,0.));
#2548=DIRECTION('center_axis',(-1.,0.,0.));
#2549=DIRECTION('ref_axis',(0.,-0.707106781186548,-0.707106781186548));
#2550=DIRECTION('',(0.,-1.,0.));
#2551=DIRECTION('',(0.,0.,-1.));
#2552=DIRECTION('',(0.,-0.707106781186548,-0.707106781186548));
#2553=DIRECTION('center_axis',(0.,-0.707106781186548,0.707106781186547));
#2554=DIRECTION('ref_axis',(1.,0.,0.));
#2555=DIRECTION('',(1.,0.,0.));
#2556=DIRECTION('center_axis',(0.,0.707106781186548,-0.707106781186547));
#2557=DIRECTION('ref_axis',(0.,0.707106781186548,0.707106781186548));
#2558=DIRECTION('',(-1.,0.,0.));
#2559=DIRECTION('center_axis',(0.,0.707106781186548,-0.707106781186547));
#2560=DIRECTION('ref_axis',(0.,0.707106781186548,0.707106781186548));
#2561=DIRECTION('',(0.,0.707106781186548,0.707106781186548));
#2562=DIRECTION('center_axis',(1.,0.,0.));
#2563=DIRECTION('ref_axis',(0.,0.707106781186548,0.707106781186548));
#2564=DIRECTION('',(0.,1.,0.));
#2565=DIRECTION('',(0.,0.,1.));
#2566=DIRECTION('center_axis',(-1.,0.,0.));
#2567=DIRECTION('ref_axis',(0.,0.923879532511287,-0.38268343236509));
#2568=DIRECTION('',(1.,0.,0.));
#2569=DIRECTION('center_axis',(0.707106781186548,0.,-0.707106781186548));
#2570=DIRECTION('ref_axis',(-0.707106781186547,0.,-0.707106781186547));
#2571=DIRECTION('center_axis',(-0.707106781186545,0.,-0.70710678118655));
#2572=DIRECTION('ref_axis',(-0.70710678118655,0.,0.707106781186545));
#2573=DIRECTION('center_axis',(0.,0.,1.));
#2574=DIRECTION('ref_axis',(-0.707106781186548,0.707106781186548,0.));
#2575=DIRECTION('center_axis',(0.,0.,-1.));
#2576=DIRECTION('ref_axis',(-0.707106781186548,0.707106781186548,0.));
#2577=DIRECTION('',(0.,0.,-1.));
#2578=DIRECTION('center_axis',(1.,0.,0.));
#2579=DIRECTION('ref_axis',(0.,1.,0.));
#2580=DIRECTION('',(0.,-1.,0.));
#2581=DIRECTION('',(0.,0.,-1.));
#2582=DIRECTION('center_axis',(-1.,0.,0.));
#2583=DIRECTION('ref_axis',(0.,0.707106781186548,0.707106781186548));
#2584=DIRECTION('',(0.,1.,0.));
#2585=DIRECTION('',(0.,0.707106781186548,0.707106781186547));
#2586=DIRECTION('',(0.,0.,1.));
#2587=DIRECTION('center_axis',(0.,0.,1.));
#2588=DIRECTION('ref_axis',(1.,0.,0.));
#2589=DIRECTION('center_axis',(0.,0.707106781186548,0.707106781186547));
#2590=DIRECTION('ref_axis',(0.,-0.707106781186547,0.707106781186548));
#2591=DIRECTION('center_axis',(0.,0.,-1.));
#2592=DIRECTION('ref_axis',(1.,0.,0.));
#2593=DIRECTION('center_axis',(-0.170112439679116,-0.941663177664659,-0.290400099340403));
#2594=DIRECTION('ref_axis',(0.475963149477961,-0.336556770590781,0.812519920068748));
#2595=DIRECTION('center_axis',(0.,1.,0.));
#2596=DIRECTION('ref_axis',(0.,0.,1.));
#2597=DIRECTION('center_axis',(1.,0.,0.));
#2598=DIRECTION('ref_axis',(0.,-0.382683432365091,0.923879532511286));
#2599=DIRECTION('center_axis',(0.,-0.707106781186548,-0.707106781186548));
#2600=DIRECTION('ref_axis',(1.,0.,0.));
#2601=DIRECTION('center_axis',(0.,1.,0.));
#2602=DIRECTION('ref_axis',(0.707106781186541,0.,0.707106781186554));
#2603=DIRECTION('center_axis',(0.,1.,0.));
#2604=DIRECTION('ref_axis',(0.,0.,1.));
#2605=DIRECTION('',(0.,-1.,0.));
#2606=DIRECTION('center_axis',(-1.,0.,0.));
#2607=DIRECTION('ref_axis',(0.,0.,1.));
#2608=DIRECTION('center_axis',(0.,0.,-1.));
#2609=DIRECTION('ref_axis',(0.,1.,0.));
#2610=DIRECTION('center_axis',(1.,0.,0.));
#2611=DIRECTION('ref_axis',(0.,0.707106781186547,0.707106781186547));
#2612=DIRECTION('center_axis',(0.,0.,1.));
#2613=DIRECTION('ref_axis',(0.707106781186554,0.707106781186541,0.));
#2614=DIRECTION('center_axis',(0.,0.,-1.));
#2615=DIRECTION('ref_axis',(0.707106781186554,0.707106781186541,0.));
#2616=DIRECTION('',(0.,0.,1.));
#2617=DIRECTION('center_axis',(0.,-0.707106781186548,-0.707106781186547));
#2618=DIRECTION('ref_axis',(0.707106781186553,-0.499999999999996,0.499999999999996));
#2619=DIRECTION('',(0.,-0.707106781186548,-0.707106781186547));
#2620=DIRECTION('center_axis',(1.,0.,0.));
#2621=DIRECTION('ref_axis',(0.,-0.38268343236509,0.923879532511287));
#2622=DIRECTION('center_axis',(-1.,0.,0.));
#2623=DIRECTION('ref_axis',(0.,-0.382683432365091,0.923879532511286));
#2624=DIRECTION('',(1.,0.,0.));
#2625=DIRECTION('',(-1.,0.,0.));
#2626=DIRECTION('center_axis',(0.,0.,1.));
#2627=DIRECTION('ref_axis',(1.,0.,0.));
#2628=DIRECTION('',(0.,1.,0.));
#2629=DIRECTION('',(1.,0.,0.));
#2630=DIRECTION('center_axis',(-1.,0.,0.));
#2631=DIRECTION('ref_axis',(0.,0.707106781186547,0.707106781186547));
#2632=DIRECTION('center_axis',(-1.,0.,0.));
#2633=DIRECTION('ref_axis',(0.,0.707106781186547,0.707106781186547));
#2634=DIRECTION('',(-1.,0.,0.));
#2635=DIRECTION('center_axis',(1.11022302462516E-16,0.,1.));
#2636=DIRECTION('ref_axis',(1.,0.,0.));
#2637=DIRECTION('center_axis',(0.,0.,-1.));
#2638=DIRECTION('ref_axis',(-3.60822483003176E-15,-1.,0.));
#2639=DIRECTION('center_axis',(0.,0.707106781186547,0.707106781186548));
#2640=DIRECTION('ref_axis',(-1.,0.,0.));
#2641=DIRECTION('center_axis',(0.170112439679112,-0.94166317766466,-0.290400099340403));
#2642=DIRECTION('ref_axis',(-0.475963149477968,-0.336556770590776,0.812519920068746));
#2643=DIRECTION('center_axis',(0.,-0.707106781186545,-0.70710678118655));
#2644=DIRECTION('ref_axis',(0.,-0.70710678118655,0.707106781186545));
#2645=DIRECTION('center_axis',(0.,1.,0.));
#2646=DIRECTION('ref_axis',(-1.,0.,0.));
#2647=DIRECTION('center_axis',(0.,0.707106781186548,0.707106781186547));
#2648=DIRECTION('ref_axis',(-0.707106781186545,-0.499999999999999,0.500000000000005));
#2649=DIRECTION('',(0.,0.707106781186548,0.707106781186547));
#2650=DIRECTION('',(0.,-0.707106781186548,-0.707106781186547));
#2651=DIRECTION('center_axis',(1.,0.,0.));
#2652=DIRECTION('ref_axis',(0.,0.,-1.));
#2653=DIRECTION('center_axis',(0.,-1.,0.));
#2654=DIRECTION('ref_axis',(-4.44089209850064E-15,0.,1.));
#2655=DIRECTION('center_axis',(0.,0.,-1.));
#2656=DIRECTION('ref_axis',(-1.,0.,0.));
#2657=DIRECTION('center_axis',(1.,0.,0.));
#2658=DIRECTION('ref_axis',(0.,0.707106781186548,0.707106781186548));
#2659=DIRECTION('center_axis',(0.,-1.,0.));
#2660=DIRECTION('ref_axis',(-0.707106781186549,0.,0.707106781186546));
#2661=DIRECTION('',(0.,-1.,0.));
#2662=DIRECTION('center_axis',(0.,0.707106781186547,-0.707106781186548));
#2663=DIRECTION('ref_axis',(0.,-0.707106781186548,-0.707106781186547));
#2664=DIRECTION('',(-1.,0.,0.));
#2665=DIRECTION('',(0.,0.707106781186548,0.707106781186547));
#2666=DIRECTION('',(1.,0.,0.));
#2667=DIRECTION('',(0.,-0.707106781186548,-0.707106781186547));
#2668=DIRECTION('center_axis',(0.,-0.707106781186548,-0.707106781186547));
#2669=DIRECTION('ref_axis',(-0.707106781186547,-0.5,0.5));
#2670=DIRECTION('center_axis',(-0.707106781186547,0.5,0.5));
#2671=DIRECTION('ref_axis',(-0.707106781186548,-0.5,-0.5));
#2672=DIRECTION('center_axis',(-0.70710678118655,-0.499999999999999,-0.499999999999998));
#2673=DIRECTION('ref_axis',(0.707106781186545,-0.500000000000002,-0.500000000000001));
#2674=DIRECTION('center_axis',(0.,0.707106781186548,0.707106781186547));
#2675=DIRECTION('ref_axis',(0.70710678118655,-0.499999999999998,0.499999999999998));
#2676=DIRECTION('center_axis',(0.707106781186545,0.5,0.500000000000003));
#2677=DIRECTION('ref_axis',(-0.70710678118655,0.499999999999997,0.5));
#2678=DIRECTION('center_axis',(-0.707106781186548,0.500000000000002,0.499999999999997));
#2679=DIRECTION('ref_axis',(-0.707106781186547,-0.499999999999998,-0.500000000000003));
#2680=DIRECTION('center_axis',(1.,0.,0.));
#2681=DIRECTION('ref_axis',(0.,-1.,0.));
#2682=DIRECTION('center_axis',(-1.,0.,0.));
#2683=DIRECTION('ref_axis',(0.,6.28036983473513E-15,1.));
#2684=DIRECTION('center_axis',(-1.,0.,0.));
#2685=DIRECTION('ref_axis',(0.,-1.,0.));
#2686=DIRECTION('',(0.,-1.,0.));
#2687=DIRECTION('',(0.,0.,-1.));
#2688=DIRECTION('',(0.,0.,1.));
#2689=DIRECTION('center_axis',(0.,1.,0.));
#2690=DIRECTION('ref_axis',(-1.,0.,0.));
#2691=DIRECTION('',(-1.,0.,0.));
#2692=DIRECTION('',(0.,0.,-1.));
#2693=DIRECTION('',(-1.,0.,0.));
#2694=DIRECTION('center_axis',(0.,-1.,0.));
#2695=DIRECTION('ref_axis',(1.,0.,0.));
#2696=DIRECTION('',(1.,0.,0.));
#2697=DIRECTION('',(0.,0.,-1.));
#2698=DIRECTION('center_axis',(1.,0.,0.));
#2699=DIRECTION('ref_axis',(0.,1.,0.));
#2700=DIRECTION('',(0.,1.,0.));
#2701=DIRECTION('center_axis',(0.,0.,1.));
#2702=DIRECTION('ref_axis',(0.70710678118654,-0.707106781186555,0.));
#2703=DIRECTION('center_axis',(0.,0.,-1.));
#2704=DIRECTION('ref_axis',(0.70710678118654,-0.707106781186555,0.));
#2705=DIRECTION('',(0.,0.,-1.));
#2706=DIRECTION('center_axis',(0.,-1.,0.));
#2707=DIRECTION('ref_axis',(1.,0.,0.));
#2708=DIRECTION('',(-1.,0.,0.));
#2709=DIRECTION('',(0.,0.,1.));
#2710=DIRECTION('center_axis',(0.,0.,1.));
#2711=DIRECTION('ref_axis',(-0.707106781186547,-0.707106781186548,0.));
#2712=DIRECTION('center_axis',(0.,0.,-1.));
#2713=DIRECTION('ref_axis',(-0.707106781186547,-0.707106781186548,0.));
#2714=DIRECTION('',(0.,0.,-1.));
#2715=DIRECTION('center_axis',(0.,1.,0.));
#2716=DIRECTION('ref_axis',(-1.,0.,0.));
#2717=DIRECTION('',(1.,0.,0.));
#2718=DIRECTION('',(0.,0.,-1.));
#2719=DIRECTION('',(1.,0.,0.));
#2720=DIRECTION('',(0.,0.,1.));
#2721=DIRECTION('center_axis',(-1.,0.,0.));
#2722=DIRECTION('ref_axis',(0.,-1.,0.));
#2723=DIRECTION('',(0.,1.,0.));
#2724=DIRECTION('',(0.,0.,1.));
#2725=DIRECTION('center_axis',(0.,0.,1.));
#2726=DIRECTION('ref_axis',(-0.707106781186548,0.707106781186548,0.));
#2727=DIRECTION('center_axis',(0.,0.,-1.));
#2728=DIRECTION('ref_axis',(-0.707106781186548,0.707106781186548,0.));
#2729=DIRECTION('center_axis',(0.,0.,-1.));
#2730=DIRECTION('ref_axis',(0.707106781186548,0.707106781186548,0.));
#2731=DIRECTION('center_axis',(0.,0.,-1.));
#2732=DIRECTION('ref_axis',(0.707106781186548,0.707106781186548,0.));
#2733=DIRECTION('center_axis',(0.,0.,-1.));
#2734=DIRECTION('ref_axis',(-1.,0.,0.));
#2735=DIRECTION('center_axis',(1.,0.,0.));
#2736=DIRECTION('ref_axis',(0.,1.,0.));
#2737=DIRECTION('',(0.,1.,0.));
#2738=DIRECTION('',(0.,0.,1.));
#2739=DIRECTION('',(0.,1.,0.));
#2740=DIRECTION('',(0.,0.,1.));
#2741=DIRECTION('center_axis',(0.,-1.,0.));
#2742=DIRECTION('ref_axis',(1.,0.,0.));
#2743=DIRECTION('',(-1.,0.,0.));
#2744=DIRECTION('',(0.,0.,-1.));
#2745=DIRECTION('',(1.,0.,0.));
#2746=DIRECTION('',(0.,0.,1.));
#2747=DIRECTION('center_axis',(-1.,0.,0.));
#2748=DIRECTION('ref_axis',(0.,-1.,0.));
#2749=DIRECTION('',(0.,1.,0.));
#2750=DIRECTION('',(0.,-1.,0.));
#2751=DIRECTION('',(0.,0.,1.));
#2752=DIRECTION('center_axis',(0.,1.,0.));
#2753=DIRECTION('ref_axis',(-1.,0.,0.));
#2754=DIRECTION('',(1.,0.,0.));
#2755=DIRECTION('',(-1.,0.,0.));
#2756=DIRECTION('',(0.,0.,1.));
#2757=DIRECTION('center_axis',(0.,0.,1.));
#2758=DIRECTION('ref_axis',(1.,0.,0.));
#2759=DIRECTION('center_axis',(1.,0.,0.));
#2760=DIRECTION('ref_axis',(0.,1.,0.));
#2761=DIRECTION('',(0.,-1.,0.));
#2762=DIRECTION('',(0.,0.,-1.));
#2763=DIRECTION('',(0.,1.,0.));
#2764=DIRECTION('center_axis',(1.,0.,0.));
#2765=DIRECTION('ref_axis',(0.,1.,0.));
#2766=DIRECTION('',(0.,1.,0.));
#2767=DIRECTION('',(0.,0.,-1.));
#2768=DIRECTION('',(0.,-1.,0.));
#2769=DIRECTION('center_axis',(-1.,0.,0.));
#2770=DIRECTION('ref_axis',(0.,-1.,0.));
#2771=DIRECTION('',(0.,-1.,0.));
#2772=DIRECTION('',(0.,0.,1.));
#2773=DIRECTION('',(0.,-1.,0.));
#2774=DIRECTION('',(0.,0.,1.));
#2775=DIRECTION('center_axis',(0.,1.,0.));
#2776=DIRECTION('ref_axis',(-1.,0.,0.));
#2777=DIRECTION('',(1.,0.,0.));
#2778=DIRECTION('',(0.,0.,-1.));
#2779=DIRECTION('',(-1.,0.,0.));
#2780=DIRECTION('',(0.,0.,1.));
#2781=DIRECTION('center_axis',(1.,0.,0.));
#2782=DIRECTION('ref_axis',(0.,1.,0.));
#2783=DIRECTION('',(0.,-1.,0.));
#2784=DIRECTION('',(0.,1.,0.));
#2785=DIRECTION('',(0.,0.,1.));
#2786=DIRECTION('center_axis',(0.,-1.,0.));
#2787=DIRECTION('ref_axis',(1.,0.,0.));
#2788=DIRECTION('',(-1.,0.,0.));
#2789=DIRECTION('',(1.,0.,0.));
#2790=DIRECTION('',(0.,0.,1.));
#2791=DIRECTION('center_axis',(0.,0.,1.));
#2792=DIRECTION('ref_axis',(1.,0.,0.));
#2793=DIRECTION('center_axis',(-1.,0.,0.));
#2794=DIRECTION('ref_axis',(0.,-1.,0.));
#2795=DIRECTION('',(0.,1.,0.));
#2796=DIRECTION('',(0.,0.,1.));
#2797=DIRECTION('',(0.,-1.,0.));
#2798=DIRECTION('center_axis',(-1.,0.,0.));
#2799=DIRECTION('ref_axis',(0.,-1.,0.));
#2800=DIRECTION('',(0.,-1.,0.));
#2801=DIRECTION('',(0.,0.,-1.));
#2802=DIRECTION('',(0.,1.,0.));
#2803=DIRECTION('center_axis',(0.,-1.,0.));
#2804=DIRECTION('ref_axis',(1.,0.,0.));
#2805=DIRECTION('',(-1.,0.,0.));
#2806=DIRECTION('',(0.,0.,1.));
#2807=DIRECTION('',(1.,0.,0.));
#2808=DIRECTION('',(0.,0.,1.));
#2809=DIRECTION('center_axis',(-1.,0.,0.));
#2810=DIRECTION('ref_axis',(0.,-1.,0.));
#2811=DIRECTION('',(0.,1.,0.));
#2812=DIRECTION('',(0.,-1.,0.));
#2813=DIRECTION('',(0.,0.,1.));
#2814=DIRECTION('center_axis',(0.,1.,0.));
#2815=DIRECTION('ref_axis',(-1.,0.,0.));
#2816=DIRECTION('',(1.,0.,0.));
#2817=DIRECTION('',(-1.,0.,0.));
#2818=DIRECTION('',(0.,0.,1.));
#2819=DIRECTION('center_axis',(1.,0.,0.));
#2820=DIRECTION('ref_axis',(0.,1.,0.));
#2821=DIRECTION('',(0.,-1.,0.));
#2822=DIRECTION('',(0.,1.,0.));
#2823=DIRECTION('center_axis',(0.,0.,1.));
#2824=DIRECTION('ref_axis',(1.,0.,0.));
#2825=DIRECTION('center_axis',(0.,-1.,0.));
#2826=DIRECTION('ref_axis',(1.,0.,0.));
#2827=DIRECTION('',(-1.,0.,0.));
#2828=DIRECTION('',(0.,0.,1.));
#2829=DIRECTION('',(1.,0.,0.));
#2830=DIRECTION('',(0.,0.,1.));
#2831=DIRECTION('center_axis',(-1.,0.,0.));
#2832=DIRECTION('ref_axis',(0.,-1.,0.));
#2833=DIRECTION('',(0.,1.,0.));
#2834=DIRECTION('',(0.,-1.,0.));
#2835=DIRECTION('',(0.,0.,1.));
#2836=DIRECTION('',(0.,0.,1.));
#2837=DIRECTION('center_axis',(0.,1.,0.));
#2838=DIRECTION('ref_axis',(-1.,0.,0.));
#2839=DIRECTION('',(-1.,0.,0.));
#2840=DIRECTION('',(-1.,0.,0.));
#2841=DIRECTION('',(0.,0.,1.));
#2842=DIRECTION('center_axis',(1.,0.,0.));
#2843=DIRECTION('ref_axis',(0.,1.,0.));
#2844=DIRECTION('',(0.,1.,0.));
#2845=DIRECTION('',(0.,1.,0.));
#2846=DIRECTION('center_axis',(0.,0.,1.));
#2847=DIRECTION('ref_axis',(1.,0.,0.));
#2848=DIRECTION('center_axis',(0.,1.,0.));
#2849=DIRECTION('ref_axis',(-1.,0.,0.));
#2850=DIRECTION('',(-1.,0.,0.));
#2851=DIRECTION('',(0.,0.,1.));
#2852=DIRECTION('',(-1.,0.,0.));
#2853=DIRECTION('',(0.,0.,1.));
#2854=DIRECTION('center_axis',(-1.,0.,0.));
#2855=DIRECTION('ref_axis',(0.,-1.,0.));
#2856=DIRECTION('',(0.,-1.,0.));
#2857=DIRECTION('',(0.,0.,1.));
#2858=DIRECTION('',(0.,-1.,0.));
#2859=DIRECTION('center_axis',(1.,0.,0.));
#2860=DIRECTION('ref_axis',(0.,1.,0.));
#2861=DIRECTION('',(0.,-1.,0.));
#2862=DIRECTION('',(0.,0.,-1.));
#2863=DIRECTION('',(0.,1.,0.));
#2864=DIRECTION('',(0.,0.,1.));
#2865=DIRECTION('center_axis',(0.,-1.,0.));
#2866=DIRECTION('ref_axis',(1.,0.,0.));
#2867=DIRECTION('',(-1.,0.,0.));
#2868=DIRECTION('',(1.,0.,0.));
#2869=DIRECTION('center_axis',(0.,0.,1.));
#2870=DIRECTION('ref_axis',(1.,0.,0.));
#2871=DIRECTION('center_axis',(0.,0.,1.));
#2872=DIRECTION('ref_axis',(1.,0.,0.));
#2873=DIRECTION('',(1.,0.,0.));
#2874=DIRECTION('',(0.,-1.,0.));
#2875=DIRECTION('',(-1.,0.,0.));
#2876=DIRECTION('',(0.,1.,0.));
#2877=DIRECTION('',(1.,0.,0.));
#2878=DIRECTION('',(1.,0.,0.));
#2879=DIRECTION('',(0.,-1.,0.));
#2880=DIRECTION('',(-1.,0.,0.));
#2881=DIRECTION('',(0.,1.,0.));
#2882=DIRECTION('',(-1.,0.,0.));
#2883=DIRECTION('center_axis',(-1.,0.,0.));
#2884=DIRECTION('ref_axis',(0.,-1.,0.));
#2885=DIRECTION('',(0.,-1.,0.));
#2886=DIRECTION('',(0.,0.,1.));
#2887=DIRECTION('',(0.,-1.,0.));
#2888=DIRECTION('',(0.,0.,1.));
#2889=DIRECTION('center_axis',(0.,1.,0.));
#2890=DIRECTION('ref_axis',(-1.,0.,0.));
#2891=DIRECTION('',(-1.,0.,0.));
#2892=DIRECTION('',(0.,0.,1.));
#2893=DIRECTION('center_axis',(1.,0.,0.));
#2894=DIRECTION('ref_axis',(0.,1.,0.));
#2895=DIRECTION('',(0.,1.,0.));
#2896=DIRECTION('',(0.,0.,1.));
#2897=DIRECTION('center_axis',(0.,-1.,0.));
#2898=DIRECTION('ref_axis',(1.,0.,0.));
#2899=DIRECTION('',(1.,0.,0.));
#2900=DIRECTION('',(0.,0.,1.));
#2901=DIRECTION('center_axis',(0.,0.,1.));
#2902=DIRECTION('ref_axis',(1.,0.,0.));
#2903=DIRECTION('center_axis',(0.,0.,-1.));
#2904=DIRECTION('ref_axis',(-1.,0.,0.));
#2905=DIRECTION('center_axis',(0.,0.,-1.));
#2906=DIRECTION('ref_axis',(0.70710678118654,-0.707106781186555,0.));
#2907=DIRECTION('',(0.,-1.,0.));
#2908=DIRECTION('center_axis',(0.,0.,-1.));
#2909=DIRECTION('ref_axis',(0.707106781186554,0.707106781186541,0.));
#2910=DIRECTION('',(1.,0.,0.));
#2911=DIRECTION('center_axis',(0.,0.,-1.));
#2912=DIRECTION('ref_axis',(-0.707106781186548,0.707106781186548,0.));
#2913=DIRECTION('',(0.,1.,0.));
#2914=DIRECTION('',(1.,0.,0.));
#2915=DIRECTION('',(0.,-1.,0.));
#2916=DIRECTION('center_axis',(0.,0.,-1.));
#2917=DIRECTION('ref_axis',(0.707106781186548,0.707106781186548,0.));
#2918=DIRECTION('',(1.,0.,0.));
#2919=DIRECTION('center_axis',(0.,0.,-1.));
#2920=DIRECTION('ref_axis',(-0.707106781186548,0.707106781186548,0.));
#2921=DIRECTION('',(0.,1.,0.));
#2922=DIRECTION('center_axis',(0.,0.,-1.));
#2923=DIRECTION('ref_axis',(-0.707106781186547,-0.707106781186548,0.));
#2924=DIRECTION('',(-1.,0.,0.));
#2925=DIRECTION('',(-1.,0.,0.));
#2926=DIRECTION('',(0.,1.,0.));
#2927=DIRECTION('',(-1.,0.,0.));
#2928=DIRECTION('',(0.,-1.,0.));
#2929=DIRECTION('',(-1.,0.,0.));
#2930=DIRECTION('',(1.,0.,0.));
#2931=DIRECTION('',(0.,-1.,0.));
#2932=DIRECTION('center_axis',(-1.,0.,0.));
#2933=DIRECTION('ref_axis',(0.,-0.707106781186548,-0.707106781186548));
#2934=DIRECTION('',(0.,-0.707106781186548,-0.707106781186548));
#2935=DIRECTION('',(0.,-1.,0.));
#2936=DIRECTION('center_axis',(-1.,0.,0.));
#2937=DIRECTION('ref_axis',(0.,0.707106781186547,-0.707106781186548));
#2938=DIRECTION('',(0.,0.,-1.));
#2939=DIRECTION('center_axis',(0.,-0.707106781186548,0.707106781186547));
#2940=DIRECTION('ref_axis',(1.,0.,0.));
#2941=DIRECTION('',(0.,0.707106781186548,0.707106781186548));
#2942=DIRECTION('center_axis',(0.,0.707106781186548,-0.707106781186547));
#2943=DIRECTION('ref_axis',(-4.9065389333868E-17,-0.707106781186547,-0.707106781186548));
#2944=DIRECTION('',(1.,0.,0.));
#2945=DIRECTION('center_axis',(0.,0.707106781186548,-0.707106781186547));
#2946=DIRECTION('ref_axis',(4.9065389333868E-17,-0.707106781186547,-0.707106781186548));
#2947=DIRECTION('center_axis',(1.,0.,0.));
#2948=DIRECTION('ref_axis',(0.,0.707106781186548,0.707106781186548));
#2949=DIRECTION('',(0.,0.,1.));
#2950=DIRECTION('center_axis',(1.,0.,0.));
#2951=DIRECTION('ref_axis',(0.,0.707106781186547,-0.707106781186548));
#2952=DIRECTION('',(0.,1.,0.));
#2953=DIRECTION('center_axis',(0.,0.,1.));
#2954=DIRECTION('ref_axis',(-0.707106781186548,0.707106781186548,0.));
#2955=DIRECTION('',(0.,0.,-1.));
#2956=DIRECTION('center_axis',(0.,0.,-1.));
#2957=DIRECTION('ref_axis',(-1.,0.,0.));
#2958=DIRECTION('center_axis',(0.,1.,0.));
#2959=DIRECTION('ref_axis',(-1.,0.,0.));
#2960=DIRECTION('',(0.,0.,1.));
#2961=DIRECTION('',(1.,0.,0.));
#2962=DIRECTION('center_axis',(0.,0.,1.));
#2963=DIRECTION('ref_axis',(0.707106781186554,0.707106781186541,0.));
#2964=DIRECTION('',(0.,0.,-1.));
#2965=DIRECTION('center_axis',(0.,0.,1.));
#2966=DIRECTION('ref_axis',(1.,0.,0.));
#2967=DIRECTION('center_axis',(1.,0.,0.));
#2968=DIRECTION('ref_axis',(0.,1.,0.));
#2969=DIRECTION('',(0.,0.,1.));
#2970=DIRECTION('center_axis',(-1.,0.,0.));
#2971=DIRECTION('ref_axis',(0.,-0.707106781186548,-0.707106781186548));
#2972=DIRECTION('',(0.,-1.,0.));
#2973=DIRECTION('center_axis',(-1.,0.,0.));
#2974=DIRECTION('ref_axis',(0.,0.707106781186547,-0.707106781186548));
#2975=DIRECTION('center_axis',(1.,0.,0.));
#2976=DIRECTION('ref_axis',(0.,0.,1.));
#2977=DIRECTION('',(0.,-0.707106781186548,-0.707106781186547));
#2978=DIRECTION('',(0.,0.,-1.));
#2979=DIRECTION('center_axis',(0.,0.707106781186547,-0.707106781186548));
#2980=DIRECTION('ref_axis',(0.,-0.707106781186548,-0.707106781186547));
#2981=DIRECTION('',(0.,0.707106781186548,0.707106781186547));
#2982=DIRECTION('center_axis',(-1.,0.,0.));
#2983=DIRECTION('ref_axis',(0.,0.,-1.));
#2984=DIRECTION('',(0.,0.,1.));
#2985=DIRECTION('center_axis',(0.,1.,0.));
#2986=DIRECTION('ref_axis',(-1.,0.,0.));
#2987=DIRECTION('center_axis',(0.,0.,1.));
#2988=DIRECTION('ref_axis',(-0.707106781186547,-0.707106781186548,0.));
#2989=DIRECTION('',(0.,0.,-1.));
#2990=DIRECTION('center_axis',(0.,0.,1.));
#2991=DIRECTION('ref_axis',(-1.,0.,0.));
#2992=DIRECTION('',(0.,0.,1.));
#2993=DIRECTION('center_axis',(1.,0.,0.));
#2994=DIRECTION('ref_axis',(0.,0.,-1.));
#2995=DIRECTION('center_axis',(0.,-1.,0.));
#2996=DIRECTION('ref_axis',(-1.,0.,0.));
#2997=DIRECTION('center_axis',(-1.,0.,0.));
#2998=DIRECTION('ref_axis',(0.,-0.707106781186547,-0.707106781186547));
#2999=DIRECTION('center_axis',(1.,0.,0.));
#3000=DIRECTION('ref_axis',(0.,-0.707106781186548,-0.707106781186548));
#3001=DIRECTION('center_axis',(0.,-1.,0.));
#3002=DIRECTION('ref_axis',(-0.707106781186546,0.,-0.707106781186549));
#3003=DIRECTION('center_axis',(0.,-1.,0.));
#3004=DIRECTION('ref_axis',(-1.,0.,0.));
#3005=DIRECTION('',(0.,-1.,0.));
#3006=DIRECTION('',(0.,1.,0.));
#3007=DIRECTION('center_axis',(1.,0.,0.));
#3008=DIRECTION('ref_axis',(0.,0.,-1.));
#3009=DIRECTION('center_axis',(0.,0.,-1.));
#3010=DIRECTION('ref_axis',(-1.,0.,0.));
#3011=DIRECTION('center_axis',(-1.,0.,0.));
#3012=DIRECTION('ref_axis',(0.,0.707106781186547,-0.707106781186548));
#3013=DIRECTION('center_axis',(1.,0.,0.));
#3014=DIRECTION('ref_axis',(0.,0.707106781186547,-0.707106781186548));
#3015=DIRECTION('center_axis',(0.,0.,1.));
#3016=DIRECTION('ref_axis',(-0.707106781186548,0.707106781186548,0.));
#3017=DIRECTION('',(0.,0.,-1.));
#3018=DIRECTION('',(0.,0.,1.));
#3019=DIRECTION('center_axis',(0.,1.,0.));
#3020=DIRECTION('ref_axis',(-1.,0.,0.));
#3021=DIRECTION('',(0.,0.,1.));
#3022=DIRECTION('',(1.,0.,0.));
#3023=DIRECTION('center_axis',(-1.,0.,0.));
#3024=DIRECTION('ref_axis',(0.,-1.,0.));
#3025=DIRECTION('center_axis',(0.,0.,1.));
#3026=DIRECTION('ref_axis',(0.70710678118654,-0.707106781186555,0.));
#3027=DIRECTION('',(0.,0.,-1.));
#3028=DIRECTION('center_axis',(0.,0.,1.));
#3029=DIRECTION('ref_axis',(0.,-1.,0.));
#3030=DIRECTION('center_axis',(-1.,0.,0.));
#3031=DIRECTION('ref_axis',(0.,0.,1.));
#3032=DIRECTION('center_axis',(0.,-1.,0.));
#3033=DIRECTION('ref_axis',(0.,0.,-1.));
#3034=DIRECTION('center_axis',(1.,0.,0.));
#3035=DIRECTION('ref_axis',(0.,-0.707106781186547,-0.707106781186547));
#3036=DIRECTION('center_axis',(0.,1.,0.));
#3037=DIRECTION('ref_axis',(0.70710678118654,0.,-0.707106781186555));
#3038=DIRECTION('center_axis',(0.,-1.,0.));
#3039=DIRECTION('ref_axis',(0.,0.,-1.));
#3040=DIRECTION('',(0.,1.,0.));
#3041=DIRECTION('center_axis',(-1.,0.,0.));
#3042=DIRECTION('ref_axis',(0.,0.,1.));
#3043=DIRECTION('center_axis',(1.,0.,0.));
#3044=DIRECTION('ref_axis',(0.,0.707106781186547,-0.707106781186548));
#3045=DIRECTION('center_axis',(-1.,0.,0.));
#3046=DIRECTION('ref_axis',(0.,0.707106781186547,-0.707106781186547));
#3047=DIRECTION('',(-1.,0.,0.));
#3048=DIRECTION('center_axis',(-1.,0.,0.));
#3049=DIRECTION('ref_axis',(0.,0.707106781186547,-0.707106781186548));
#3050=DIRECTION('center_axis',(0.,0.,1.));
#3051=DIRECTION('ref_axis',(1.,0.,0.));
#3052=DIRECTION('',(-1.,0.,0.));
#3053=DIRECTION('',(0.,1.,0.));
#3054=DIRECTION('',(-1.,0.,0.));
#3055=DIRECTION('',(0.,-1.,0.));
#3056=DIRECTION('',(1.,0.,0.));
#3057=DIRECTION('center_axis',(1.,0.,0.));
#3058=DIRECTION('ref_axis',(0.,-0.707106781186547,-0.707106781186547));
#3059=DIRECTION('',(-1.,0.,0.));
#3060=DIRECTION('center_axis',(0.,-1.,0.));
#3061=DIRECTION('ref_axis',(1.,0.,0.));
#3062=DIRECTION('center_axis',(0.,1.,0.));
#3063=DIRECTION('ref_axis',(-0.707106781186546,0.,-0.707106781186549));
#3064=DIRECTION('center_axis',(0.,-1.,0.));
#3065=DIRECTION('ref_axis',(-1.,0.,0.));
#3066=DIRECTION('center_axis',(0.707106781186548,0.707106781186548,0.));
#3067=DIRECTION('ref_axis',(0.707106781186548,-0.707106781186548,0.));
#3068=DIRECTION('center_axis',(0.,0.,-1.));
#3069=DIRECTION('ref_axis',(0.707106781186548,0.707106781186548,0.));
#3070=DIRECTION('center_axis',(0.,0.,1.));
#3071=DIRECTION('ref_axis',(1.,0.,0.));
#3072=DIRECTION('center_axis',(-1.,0.,0.));
#3073=DIRECTION('ref_axis',(0.,0.,1.));
#3074=DIRECTION('center_axis',(0.,1.,0.));
#3075=DIRECTION('ref_axis',(1.,0.,0.));
#3076=DIRECTION('center_axis',(1.,0.,0.));
#3077=DIRECTION('ref_axis',(0.,0.707106781186547,-0.707106781186548));
#3078=DIRECTION('center_axis',(0.,-1.,0.));
#3079=DIRECTION('ref_axis',(0.707106781186546,0.,-0.707106781186549));
#3080=DIRECTION('center_axis',(-0.707106781186545,0.70710678118655,0.));
#3081=DIRECTION('ref_axis',(0.70710678118655,0.707106781186545,0.));
#3082=DIRECTION('center_axis',(1.,0.,0.));
#3083=DIRECTION('ref_axis',(0.,0.382683432365089,-0.923879532511287));
#3084=DIRECTION('center_axis',(1.,0.,0.));
#3085=DIRECTION('ref_axis',(0.,0.,-1.));
#3086=DIRECTION('center_axis',(-1.,0.,0.));
#3087=DIRECTION('ref_axis',(0.,0.707106781186547,-0.707106781186547));
#3088=DIRECTION('center_axis',(-1.,0.,0.));
#3089=DIRECTION('ref_axis',(0.,-1.,0.));
#3090=DIRECTION('',(0.,0.,1.));
#3091=DIRECTION('center_axis',(0.,1.,0.));
#3092=DIRECTION('ref_axis',(-1.,0.,0.));
#3093=DIRECTION('center_axis',(0.,-1.,0.));
#3094=DIRECTION('ref_axis',(1.,0.,0.));
#3095=CARTESIAN_POINT('',(0.,0.,0.));
#3096=CARTESIAN_POINT('Origin',(90.,2.,21.1715728752538));
#3097=CARTESIAN_POINT('',(1.99999999999999,0.,21.1715728752538));
#3098=CARTESIAN_POINT('',(1.99999999999999,0.585786437626906,22.5857864376269));
#3099=CARTESIAN_POINT('Origin',(1.99999999999999,2.,21.1715728752538));
#3100=CARTESIAN_POINT('',(178.,0.,21.1715728752538));
#3101=CARTESIAN_POINT('',(90.,0.,21.1715728752538));
#3102=CARTESIAN_POINT('',(178.,0.585786437626906,22.5857864376269));
#3103=CARTESIAN_POINT('Origin',(178.,2.,21.1715728752538));
#3104=CARTESIAN_POINT('',(90.,0.585786437626906,22.5857864376269));
#3105=CARTESIAN_POINT('Origin',(90.,45.,88.));
#3106=CARTESIAN_POINT('',(2.,68.8284271247462,88.));
#3107=CARTESIAN_POINT('',(178.,68.8284271247462,88.));
#3108=CARTESIAN_POINT('',(135.,68.8284271247462,88.));
#3109=CARTESIAN_POINT('',(2.,88.,88.));
#3110=CARTESIAN_POINT('',(1.99999999999999,67.5,88.));
#3111=CARTESIAN_POINT('',(178.,88.,88.));
#3112=CARTESIAN_POINT('',(135.,88.,88.));
#3113=CARTESIAN_POINT('',(178.,22.5,88.));
#3114=CARTESIAN_POINT('Origin',(180.,69.4142135623731,88.5857864376269));
#3115=CARTESIAN_POINT('',(178.,2.,21.1715728752538));
#3116=CARTESIAN_POINT('',(178.,29.9142135623731,49.0857864376269));
#3117=CARTESIAN_POINT('',(2.,2.,21.1715728752538));
#3118=CARTESIAN_POINT('',(90.,2.00000000000001,21.1715728752538));
#3119=CARTESIAN_POINT('',(1.99999999999999,52.4142135623731,71.5857864376269));
#3120=CARTESIAN_POINT('',(153.,10.0238223599146,29.1953952351684));
#3121=CARTESIAN_POINT('Origin',(156.,10.0238223599146,29.1953952351684));
#3122=CARTESIAN_POINT('',(57.5,59.5212970429729,78.6928699182267));
#3123=CARTESIAN_POINT('Origin',(60.5,59.5212970429729,78.6928699182267));
#3124=CARTESIAN_POINT('',(153.,59.5212970429729,78.6928699182267));
#3125=CARTESIAN_POINT('Origin',(156.,59.5212970429729,78.6928699182267));
#3126=CARTESIAN_POINT('',(16.3756433864662,30.8834723169429,50.0550451921967));
#3127=CARTESIAN_POINT('Origin',(17.8756433864662,30.8834723169429,50.0550451921966));
#3128=CARTESIAN_POINT('',(40.6243562410047,30.8834718606898,50.0550447359436));
#3129=CARTESIAN_POINT('Origin',(42.1243562410047,30.8834718606899,50.0550447359436));
#3130=CARTESIAN_POINT('',(28.5000003725291,45.732715442038,64.9042883172918));
#3131=CARTESIAN_POINT('Origin',(30.0000003725291,45.732715442038,64.9042883172918));
#3132=CARTESIAN_POINT('',(20.,35.8332198732236,55.0047927484774));
#3133=CARTESIAN_POINT('Origin',(30.,35.8332198732236,55.0047927484773));
#3134=CARTESIAN_POINT('',(153.,53.6523107591246,72.8238836343784));
#3135=CARTESIAN_POINT('',(65.,53.6523107591246,72.8238836343784));
#3136=CARTESIAN_POINT('',(122.5,53.6523107591246,72.8238836343784));
#3137=CARTESIAN_POINT('',(65.,15.468544575051,34.6401174503048));
#3138=CARTESIAN_POINT('',(65.,42.441379068712,61.6129519439659));
#3139=CARTESIAN_POINT('',(153.,15.468544575051,34.6401174503048));
#3140=CARTESIAN_POINT('',(166.5,15.468544575051,34.6401174503048));
#3141=CARTESIAN_POINT('',(153.,61.5332621607488,80.7048350360026));
#3142=CARTESIAN_POINT('',(57.5,10.0238223599146,29.1953952351684));
#3143=CARTESIAN_POINT('Origin',(60.5,10.0238223599146,29.1953952351684));
#3144=CARTESIAN_POINT('Origin',(30.,34.4190063108505,56.4190063108505));
#3145=CARTESIAN_POINT('',(20.,34.4190063108505,56.4190063108505));
#3146=CARTESIAN_POINT('Origin',(30.,34.4190063108505,56.4190063108504));
#3147=CARTESIAN_POINT('',(20.,34.4190063108505,56.4190063108505));
#3148=CARTESIAN_POINT('Origin',(30.0000003725291,44.3185018796649,66.3185018796649));
#3149=CARTESIAN_POINT('',(28.5000003725291,44.3185018796649,66.3185018796649));
#3150=CARTESIAN_POINT('Origin',(30.0000003725291,44.318501879665,66.3185018796649));
#3151=CARTESIAN_POINT('',(28.5000003725291,44.3185018796649,66.3185018796649));
#3152=CARTESIAN_POINT('Origin',(42.1243562410047,29.4692582983167,51.4692582983167));
#3153=CARTESIAN_POINT('',(40.6243562410047,29.4692582983167,51.4692582983167));
#3154=CARTESIAN_POINT('Origin',(42.1243562410047,29.4692582983168,51.4692582983166));
#3155=CARTESIAN_POINT('',(40.6243562410047,29.4692582983167,51.4692582983167));
#3156=CARTESIAN_POINT('Origin',(17.8756433864662,29.4692587545698,51.4692587545698));
#3157=CARTESIAN_POINT('',(16.3756433864662,29.4692587545698,51.4692587545698));
#3158=CARTESIAN_POINT('Origin',(17.8756433864662,29.4692587545698,51.4692587545697));
#3159=CARTESIAN_POINT('',(16.3756433864662,29.4692587545698,51.4692587545698));
#3160=CARTESIAN_POINT('Origin',(156.,63.0568309489056,75.157336012294));
#3161=CARTESIAN_POINT('',(153.,63.0568309489056,75.157336012294));
#3162=CARTESIAN_POINT('Origin',(156.,63.0568309489056,75.157336012294));
#3163=CARTESIAN_POINT('Origin',(156.,58.1070834805998,80.1070834805998));
#3164=CARTESIAN_POINT('',(153.,58.1070834805998,80.1070834805998));
#3165=CARTESIAN_POINT('Origin',(60.5,63.0568309489056,75.157336012294));
#3166=CARTESIAN_POINT('',(57.5,63.0568309489056,75.157336012294));
#3167=CARTESIAN_POINT('Origin',(60.5,63.0568309489056,75.157336012294));
#3168=CARTESIAN_POINT('Origin',(60.5,58.1070834805998,80.1070834805998));
#3169=CARTESIAN_POINT('',(57.5,58.1070834805998,80.1070834805998));
#3170=CARTESIAN_POINT('Origin',(156.,13.5593562658473,25.6598613292357));
#3171=CARTESIAN_POINT('',(153.,13.5593562658473,25.6598613292357));
#3172=CARTESIAN_POINT('Origin',(156.,13.5593562658473,25.6598613292357));
#3173=CARTESIAN_POINT('Origin',(156.,8.60960879754148,30.6096087975415));
#3174=CARTESIAN_POINT('',(153.,8.60960879754148,30.6096087975415));
#3175=CARTESIAN_POINT('Origin',(60.5,13.5593562658473,25.6598613292357));
#3176=CARTESIAN_POINT('',(57.5,13.5593562658473,25.6598613292357));
#3177=CARTESIAN_POINT('Origin',(60.5,13.5593562658473,25.6598613292357));
#3178=CARTESIAN_POINT('Origin',(60.5,8.60960879754148,30.6096087975415));
#3179=CARTESIAN_POINT('',(57.5,8.60960879754148,30.6096087975415));
#3180=CARTESIAN_POINT('Origin',(40.,90.,30.));
#3181=CARTESIAN_POINT('',(40.,69.6152126247544,11.6152126247544));
#3182=CARTESIAN_POINT('',(40.,88.,11.6152126247544));
#3183=CARTESIAN_POINT('',(40.,67.5,11.6152126247544));
#3184=CARTESIAN_POINT('',(40.,88.,30.));
#3185=CARTESIAN_POINT('',(40.,88.5,30.5));
#3186=CARTESIAN_POINT('',(40.,88.,15.));
#3187=CARTESIAN_POINT('Origin',(130.,90.,0.));
#3188=CARTESIAN_POINT('',(130.,88.,11.6152126247544));
#3189=CARTESIAN_POINT('',(130.,69.6152126247544,11.6152126247544));
#3190=CARTESIAN_POINT('',(130.,67.5,11.6152126247544));
#3191=CARTESIAN_POINT('',(130.,88.,30.));
#3192=CARTESIAN_POINT('',(130.,88.,0.));
#3193=CARTESIAN_POINT('',(130.,81.,23.));
#3194=CARTESIAN_POINT('Origin',(130.,88.,30.));
#3195=CARTESIAN_POINT('',(110.,69.6152126247544,11.6152126247544));
#3196=CARTESIAN_POINT('',(155.,88.,30.));
#3197=CARTESIAN_POINT('Origin',(42.8569858547489,103.886656381016,13.8866563810156));
#3198=CARTESIAN_POINT('',(42.8569858547489,88.,11.6152126247544));
#3199=CARTESIAN_POINT('',(42.8569858547489,78.9877956267849,11.6152126247544));
#3200=CARTESIAN_POINT('',(42.8569858547489,74.4433281905078,11.6152126247544));
#3201=CARTESIAN_POINT('',(42.8569858547489,88.,20.6274169979695));
#3202=CARTESIAN_POINT('',(42.8569858547489,88.,6.94332819050779));
#3203=CARTESIAN_POINT('',(42.8569858547489,92.5729478820308,25.2003648800004));
#3204=CARTESIAN_POINT('Origin',(85.7026872566591,78.9240526315382,11.5514696295077));
#3205=CARTESIAN_POINT('',(128.548388658569,78.9877956267849,11.6152126247544));
#3206=CARTESIAN_POINT('',(87.8513436283296,78.9877956267849,11.6152126247544));
#3207=CARTESIAN_POINT('',(42.271199417122,89.4142135623731,22.0416305603426));
#3208=CARTESIAN_POINT('Origin',(40.8569858547489,88.,20.6274169979695));
#3209=CARTESIAN_POINT('',(129.134175096196,89.4142135623731,22.0416305603426));
#3210=CARTESIAN_POINT('',(132.85134362833,89.4142135623731,22.0416305603426));
#3211=CARTESIAN_POINT('',(128.548388658569,88.,20.6274169979695));
#3212=CARTESIAN_POINT('Origin',(130.548388658569,88.,20.6274169979695));
#3213=CARTESIAN_POINT('',(128.548388658569,65.2751573810455,-2.09742562098501));
#3214=CARTESIAN_POINT('Origin',(128.548388658569,76.5888658800303,-13.4111341199698));
#3215=CARTESIAN_POINT('',(128.548388658569,88.,11.6152126247544));
#3216=CARTESIAN_POINT('',(128.548388658569,60.7944329400151,11.6152126247544));
#3217=CARTESIAN_POINT('',(128.548388658569,88.,-6.70556705998488));
#3218=CARTESIAN_POINT('Origin',(132.85134362833,88.,23.4558441227157));
#3219=CARTESIAN_POINT('',(40.8569858547489,90.,23.4558441227157));
#3220=CARTESIAN_POINT('',(130.548388658569,90.,23.4558441227157));
#3221=CARTESIAN_POINT('',(132.85134362833,90.,23.4558441227157));
#3222=CARTESIAN_POINT('Origin',(130.548388658569,88.,23.4558441227157));
#3223=CARTESIAN_POINT('Origin',(40.8569858547489,88.,23.4558441227157));
#3224=CARTESIAN_POINT('Origin',(130.548388658569,88.,-6.70556705998488));
#3225=CARTESIAN_POINT('',(130.548388658569,90.,11.6152126247544));
#3226=CARTESIAN_POINT('Origin',(130.548388658569,88.,11.6152126247544));
#3227=CARTESIAN_POINT('',(130.548388658569,90.,-6.70556705998488));
#3228=CARTESIAN_POINT('Origin',(180.,0.,0.));
#3229=CARTESIAN_POINT('',(180.,88.,11.6152126247544));
#3230=CARTESIAN_POINT('',(180.,2.,11.6152126247544));
#3231=CARTESIAN_POINT('',(180.,22.5,11.6152126247544));
#3232=CARTESIAN_POINT('',(180.,88.,85.));
#3233=CARTESIAN_POINT('',(180.,88.,0.));
#3234=CARTESIAN_POINT('',(180.,85.,88.));
#3235=CARTESIAN_POINT('Origin',(180.,85.,85.));
#3236=CARTESIAN_POINT('',(180.,68.8284271247462,88.));
#3237=CARTESIAN_POINT('',(180.,22.5,88.));
#3238=CARTESIAN_POINT('',(180.,2.,21.1715728752538));
#3239=CARTESIAN_POINT('',(180.,29.9142135623731,49.0857864376269));
#3240=CARTESIAN_POINT('',(180.,2.,0.));
#3241=CARTESIAN_POINT('Origin',(178.,2.,21.1715728752538));
#3242=CARTESIAN_POINT('Origin',(178.,2.00000000000001,21.1715728752538));
#3243=CARTESIAN_POINT('Origin',(178.,2.,21.1715728752538));
#3244=CARTESIAN_POINT('Origin',(178.,68.8284271247462,88.));
#3245=CARTESIAN_POINT('',(178.,68.8284271247462,90.));
#3246=CARTESIAN_POINT('Origin',(178.,68.8284271247462,88.));
#3247=CARTESIAN_POINT('',(178.,67.4142135623731,89.4142135623731));
#3248=CARTESIAN_POINT('Origin',(178.,68.8284271247462,88.));
#3249=CARTESIAN_POINT('Origin',(178.,68.8284271247462,88.));
#3250=CARTESIAN_POINT('Origin',(178.,22.5,88.));
#3251=CARTESIAN_POINT('',(178.,85.,90.));
#3252=CARTESIAN_POINT('Origin',(178.,85.,88.));
#3253=CARTESIAN_POINT('',(178.,22.5,90.));
#3254=CARTESIAN_POINT('Origin',(178.,85.,85.));
#3255=CARTESIAN_POINT('',(178.,90.,85.));
#3256=CARTESIAN_POINT('Origin',(178.,88.,85.));
#3257=CARTESIAN_POINT('Origin',(178.,85.,85.));
#3258=CARTESIAN_POINT('Origin',(178.,88.,0.));
#3259=CARTESIAN_POINT('',(178.,90.,11.6152126247544));
#3260=CARTESIAN_POINT('Origin',(178.,88.,11.6152126247544));
#3261=CARTESIAN_POINT('',(178.,90.,0.));
#3262=CARTESIAN_POINT('Origin',(178.,29.9142135623731,49.0857864376269));
#3263=CARTESIAN_POINT('',(178.,28.5,50.5));
#3264=CARTESIAN_POINT('Origin',(135.,68.8284271247462,88.));
#3265=CARTESIAN_POINT('',(1.99999999999999,67.4142135623731,89.4142135623731));
#3266=CARTESIAN_POINT('',(1.99999999999999,68.8284271247462,90.));
#3267=CARTESIAN_POINT('Origin',(1.99999999999999,68.8284271247462,88.));
#3268=CARTESIAN_POINT('',(135.,67.4142135623731,89.4142135623731));
#3269=CARTESIAN_POINT('',(135.,68.8284271247462,90.));
#3270=CARTESIAN_POINT('Origin',(90.,45.,90.));
#3271=CARTESIAN_POINT('',(1.99999999999999,85.,90.));
#3272=CARTESIAN_POINT('',(2.,67.5,90.));
#3273=CARTESIAN_POINT('',(135.,85.,90.));
#3274=CARTESIAN_POINT('Origin',(135.,85.,85.));
#3275=CARTESIAN_POINT('',(1.99999999999999,90.,85.));
#3276=CARTESIAN_POINT('Origin',(1.99999999999999,85.,85.));
#3277=CARTESIAN_POINT('',(135.,90.,85.));
#3278=CARTESIAN_POINT('Origin',(1.99999999999999,2.,21.1715728752538));
#3279=CARTESIAN_POINT('',(0.,2.00000000000001,21.1715728752538));
#3280=CARTESIAN_POINT('Origin',(2.,2.,21.1715728752538));
#3281=CARTESIAN_POINT('Origin',(1.99999999999999,2.00000000000001,21.1715728752538));
#3282=CARTESIAN_POINT('Origin',(1.99999999999999,68.8284271247462,88.));
#3283=CARTESIAN_POINT('',(0.,68.8284271247462,88.));
#3284=CARTESIAN_POINT('Origin',(1.99999999999999,68.8284271247462,88.));
#3285=CARTESIAN_POINT('Origin',(2.,68.8284271247462,88.));
#3286=CARTESIAN_POINT('Origin',(1.99999999999999,52.4142135623731,71.5857864376269));
#3287=CARTESIAN_POINT('',(1.99999999999999,51.,73.));
#3288=CARTESIAN_POINT('',(0.,52.4142135623731,71.5857864376269));
#3289=CARTESIAN_POINT('Origin',(1.99999999999999,85.,85.));
#3290=CARTESIAN_POINT('',(0.,85.,88.));
#3291=CARTESIAN_POINT('Origin',(2.,85.,88.));
#3292=CARTESIAN_POINT('',(0.,88.,85.));
#3293=CARTESIAN_POINT('Origin',(1.99999999999999,88.,85.));
#3294=CARTESIAN_POINT('Origin',(0.,85.,85.));
#3295=CARTESIAN_POINT('Origin',(2.,67.5,88.));
#3296=CARTESIAN_POINT('',(0.,67.5,88.));
#3297=CARTESIAN_POINT('Origin',(180.,68.,90.));
#3298=CARTESIAN_POINT('',(155.,53.6523107591246,75.6523107591245));
#3299=CARTESIAN_POINT('',(63.,53.6523107591245,75.6523107591245));
#3300=CARTESIAN_POINT('',(122.5,53.6523107591246,75.6523107591245));
#3301=CARTESIAN_POINT('',(155.,12.6401174503048,34.6401174503048));
#3302=CARTESIAN_POINT('',(155.,60.1190485983757,82.1190485983757));
#3303=CARTESIAN_POINT('',(63.,12.6401174503048,34.6401174503048));
#3304=CARTESIAN_POINT('',(166.5,12.6401174503048,34.6401174503048));
#3305=CARTESIAN_POINT('',(63.,41.0271655063389,63.027165506339));
#3306=CARTESIAN_POINT('Origin',(155.,61.5332621607488,80.7048350360026));
#3307=CARTESIAN_POINT('Origin',(155.,55.0665243214976,74.2380971967515));
#3308=CARTESIAN_POINT('Origin',(155.,14.0543310126779,33.2259038879317));
#3309=CARTESIAN_POINT('Origin',(63.,42.441379068712,61.6129519439659));
#3310=CARTESIAN_POINT('Origin',(63.,55.0665243214976,74.2380971967515));
#3311=CARTESIAN_POINT('Origin',(63.,14.0543310126779,33.2259038879317));
#3312=CARTESIAN_POINT('Origin',(122.5,55.0665243214976,74.2380971967515));
#3313=CARTESIAN_POINT('Origin',(166.5,14.0543310126779,33.2259038879317));
#3314=CARTESIAN_POINT('Origin',(2.,90.,0.));
#3315=CARTESIAN_POINT('',(1.99999999999999,88.,11.6152126247544));
#3316=CARTESIAN_POINT('',(2.,2.,11.6152126247544));
#3317=CARTESIAN_POINT('',(2.,67.5,11.6152126247544));
#3318=CARTESIAN_POINT('',(1.99999999999999,88.,0.));
#3319=CARTESIAN_POINT('',(2.,2.,0.));
#3320=CARTESIAN_POINT('Origin',(180.,88.,0.));
#3321=CARTESIAN_POINT('',(178.,88.,11.6152126247544));
#3322=CARTESIAN_POINT('',(135.,88.,11.6152126247544));
#3323=CARTESIAN_POINT('',(178.,88.,0.));
#3324=CARTESIAN_POINT('',(135.,88.,11.6152126247544));
#3325=CARTESIAN_POINT('Origin',(0.,2.,0.));
#3326=CARTESIAN_POINT('',(178.,2.,11.6152126247544));
#3327=CARTESIAN_POINT('',(45.,2.,11.6152126247544));
#3328=CARTESIAN_POINT('',(178.,2.,0.));
#3329=CARTESIAN_POINT('Origin',(178.,0.,0.));
#3330=CARTESIAN_POINT('',(178.,22.5,11.6152126247544));
#3331=CARTESIAN_POINT('Origin',(178.,2.,0.));
#3332=CARTESIAN_POINT('',(178.,0.,11.6152126247544));
#3333=CARTESIAN_POINT('Origin',(178.,2.,11.6152126247544));
#3334=CARTESIAN_POINT('',(178.,0.,0.));
#3335=CARTESIAN_POINT('Origin',(0.,0.,0.));
#3336=CARTESIAN_POINT('',(2.,0.,11.6152126247544));
#3337=CARTESIAN_POINT('',(45.,0.,11.6152126247544));
#3338=CARTESIAN_POINT('',(2.,0.,0.));
#3339=CARTESIAN_POINT('Origin',(2.,2.,0.));
#3340=CARTESIAN_POINT('',(0.,2.,11.6152126247544));
#3341=CARTESIAN_POINT('Origin',(2.,2.,11.6152126247544));
#3342=CARTESIAN_POINT('',(0.,2.,0.));
#3343=CARTESIAN_POINT('Origin',(180.,90.,0.));
#3344=CARTESIAN_POINT('',(1.99999999999999,90.,11.6152126247544));
#3345=CARTESIAN_POINT('',(40.8569858547489,90.,11.6152126247544));
#3346=CARTESIAN_POINT('',(135.,90.,11.6152126247544));
#3347=CARTESIAN_POINT('',(1.99999999999999,90.,0.));
#3348=CARTESIAN_POINT('',(135.,90.,11.6152126247544));
#3349=CARTESIAN_POINT('',(40.8569858547489,90.,6.94332819050779));
#3350=CARTESIAN_POINT('Origin',(0.,90.,0.));
#3351=CARTESIAN_POINT('',(0.,88.,11.6152126247544));
#3352=CARTESIAN_POINT('',(0.,67.5,11.6152126247544));
#3353=CARTESIAN_POINT('',(0.,88.,0.));
#3354=CARTESIAN_POINT('Origin',(1.99999999999999,88.,0.));
#3355=CARTESIAN_POINT('Origin',(1.99999999999999,88.,11.6152126247544));
#3356=CARTESIAN_POINT('Origin',(40.8569858547489,88.,6.94332819050779));
#3357=CARTESIAN_POINT('Origin',(40.8569858547489,88.,11.6152126247544));
#3358=CARTESIAN_POINT('Origin',(90.,45.,11.6152126247544));
#3359=CARTESIAN_POINT('Origin',(113.022943101202,-95.0264775392436,-28.864228675429));
#3360=CARTESIAN_POINT('',(113.022943101202,-95.0264775392436,-19.2490160506746));
#3361=CARTESIAN_POINT('',(113.022943101202,-75.0264775392436,-19.2490160506746));
#3362=CARTESIAN_POINT('',(113.022943101202,-105.44179624846,-19.2490160506746));
#3363=CARTESIAN_POINT('',(113.022943101202,-75.0264775392436,-14.864228675429));
#3364=CARTESIAN_POINT('',(113.022943101202,-75.0264775392436,-28.864228675429));
#3365=CARTESIAN_POINT('',(113.022943101202,-95.0264775392436,-14.864228675429));
#3366=CARTESIAN_POINT('',(113.022943101202,-75.0264775392436,-14.864228675429));
#3367=CARTESIAN_POINT('',(113.022943101202,-95.0264775392436,-28.864228675429));
#3368=CARTESIAN_POINT('Origin',(109.022943101202,-95.0264775392436,-28.864228675429));
#3369=CARTESIAN_POINT('',(113.022943101202,-95.0264775392436,-28.864228675429));
#3370=CARTESIAN_POINT('',(109.022943101202,-95.0264775392436,-28.864228675429));
#3371=CARTESIAN_POINT('',(67.0229431012016,-95.0264775392436,-28.864228675429));
#3372=CARTESIAN_POINT('',(113.022943101202,-95.0264775392436,-29.864228675429));
#3373=CARTESIAN_POINT('',(109.022943101202,-95.0264775392436,-14.864228675429));
#3374=CARTESIAN_POINT('',(113.022943101202,-95.0264775392436,-14.864228675429));
#3375=CARTESIAN_POINT('',(109.022943101202,-95.0264775392436,-28.864228675429));
#3376=CARTESIAN_POINT('Origin',(109.022943101202,-75.0264775392436,-28.864228675429));
#3377=CARTESIAN_POINT('',(109.022943101202,-75.0264775392436,-28.864228675429));
#3378=CARTESIAN_POINT('',(109.022943101202,-78.984136893852,-28.864228675429));
#3379=CARTESIAN_POINT('',(109.022943101202,-75.0264775392436,-14.864228675429));
#3380=CARTESIAN_POINT('',(109.022943101202,-95.0264775392436,-14.864228675429));
#3381=CARTESIAN_POINT('',(109.022943101202,-75.0264775392436,-28.864228675429));
#3382=CARTESIAN_POINT('Origin',(113.022943101202,-75.0264775392436,-28.864228675429));
#3383=CARTESIAN_POINT('',(113.022943101202,-75.0264775392436,-28.864228675429));
#3384=CARTESIAN_POINT('',(69.0229431012016,-75.0264775392436,-28.864228675429));
#3385=CARTESIAN_POINT('',(109.022943101202,-75.0264775392436,-14.864228675429));
#3386=CARTESIAN_POINT('',(113.022943101202,-75.0264775392436,-29.864228675429));
#3387=CARTESIAN_POINT('Origin',(111.022943101202,-85.0264775392436,-14.864228675429));
#3388=CARTESIAN_POINT('Origin',(113.022943101202,-127.94179624846,-30.864228675429));
#3389=CARTESIAN_POINT('',(113.022943101202,-125.94179624846,-28.864228675429));
#3390=CARTESIAN_POINT('',(113.022943101202,-105.44179624846,-28.864228675429));
#3391=CARTESIAN_POINT('',(113.022943101202,-125.94179624846,-19.2490160506746));
#3392=CARTESIAN_POINT('',(113.022943101202,-125.94179624846,-30.864228675429));
#3393=CARTESIAN_POINT('',(113.022943101202,-105.44179624846,-19.2490160506746));
#3394=CARTESIAN_POINT('Origin',(113.022943101202,-127.94179624846,-30.864228675429));
#3395=CARTESIAN_POINT('',(113.022943101202,-43.9417962484603,-19.2490160506746));
#3396=CARTESIAN_POINT('',(113.022943101202,-105.44179624846,-19.2490160506746));
#3397=CARTESIAN_POINT('',(113.022943101202,-43.9417962484603,-28.864228675429));
#3398=CARTESIAN_POINT('',(113.022943101202,-43.9417962484603,-29.864228675429));
#3399=CARTESIAN_POINT('',(113.022943101202,-105.44179624846,-28.864228675429));
#3400=CARTESIAN_POINT('Origin',(-62.9770568987984,-70.1254882384256,-28.864228675429));
#3401=CARTESIAN_POINT('',(-62.9770568987984,-70.1254882384256,-19.2490160506746));
#3402=CARTESIAN_POINT('',(-62.9770568987984,-90.1254882384256,-19.2490160506746));
#3403=CARTESIAN_POINT('',(-62.9770568987984,-60.4417962484603,-19.2490160506746));
#3404=CARTESIAN_POINT('',(-62.9770568987984,-90.1254882384256,-14.864228675429));
#3405=CARTESIAN_POINT('',(-62.9770568987984,-90.1254882384256,-28.864228675429));
#3406=CARTESIAN_POINT('',(-62.9770568987984,-70.1254882384256,-14.864228675429));
#3407=CARTESIAN_POINT('',(-62.9770568987984,-90.1254882384256,-14.864228675429));
#3408=CARTESIAN_POINT('',(-62.9770568987984,-70.1254882384256,-28.864228675429));
#3409=CARTESIAN_POINT('Origin',(-58.9770568987984,-70.1254882384256,-28.864228675429));
#3410=CARTESIAN_POINT('',(-62.9770568987984,-70.1254882384256,-28.864228675429));
#3411=CARTESIAN_POINT('',(-58.9770568987984,-70.1254882384256,-28.864228675429));
#3412=CARTESIAN_POINT('',(-16.9770568987984,-70.1254882384256,-28.864228675429));
#3413=CARTESIAN_POINT('',(-62.9770568987984,-70.1254882384256,-29.864228675429));
#3414=CARTESIAN_POINT('',(-58.9770568987984,-70.1254882384256,-14.864228675429));
#3415=CARTESIAN_POINT('',(-62.9770568987984,-70.1254882384256,-14.864228675429));
#3416=CARTESIAN_POINT('',(-58.9770568987984,-70.1254882384256,-28.864228675429));
#3417=CARTESIAN_POINT('Origin',(-58.9770568987984,-90.1254882384256,-28.864228675429));
#3418=CARTESIAN_POINT('',(-58.9770568987984,-90.1254882384256,-28.864228675429));
#3419=CARTESIAN_POINT('',(-58.9770568987984,-86.533642243443,-28.864228675429));
#3420=CARTESIAN_POINT('',(-58.9770568987984,-90.1254882384256,-14.864228675429));
#3421=CARTESIAN_POINT('',(-58.9770568987984,-70.1254882384256,-14.864228675429));
#3422=CARTESIAN_POINT('',(-58.9770568987984,-90.1254882384256,-28.864228675429));
#3423=CARTESIAN_POINT('Origin',(-62.9770568987984,-90.1254882384256,-28.864228675429));
#3424=CARTESIAN_POINT('',(-62.9770568987984,-90.1254882384256,-28.864228675429));
#3425=CARTESIAN_POINT('',(-18.9770568987984,-90.1254882384256,-28.864228675429));
#3426=CARTESIAN_POINT('',(-58.9770568987984,-90.1254882384256,-14.864228675429));
#3427=CARTESIAN_POINT('',(-62.9770568987984,-90.1254882384256,-29.864228675429));
#3428=CARTESIAN_POINT('Origin',(-60.9770568987984,-80.1254882384256,-14.864228675429));
#3429=CARTESIAN_POINT('Origin',(-62.9770568987984,-37.9417962484603,-30.864228675429));
#3430=CARTESIAN_POINT('',(-62.9770568987984,-43.9417962484603,-28.864228675429));
#3431=CARTESIAN_POINT('',(-62.9770568987984,-60.4417962484603,-28.864228675429));
#3432=CARTESIAN_POINT('',(-62.9770568987984,-43.9417962484603,-19.2490160506746));
#3433=CARTESIAN_POINT('',(-62.9770568987984,-43.9417962484603,-29.864228675429));
#3434=CARTESIAN_POINT('',(-62.9770568987984,-60.4417962484603,-19.2490160506746));
#3435=CARTESIAN_POINT('Origin',(-62.9770568987984,-37.9417962484603,-30.864228675429));
#3436=CARTESIAN_POINT('',(-62.9770568987984,-121.922873642385,-19.2490160506746));
#3437=CARTESIAN_POINT('',(-62.9770568987984,-60.4417962484603,-19.2490160506746));
#3438=CARTESIAN_POINT('',(-62.9770568987984,-121.922873642385,-28.864228675429));
#3439=CARTESIAN_POINT('',(-62.9770568987984,-121.922873642385,-29.864228675429));
#3440=CARTESIAN_POINT('',(-62.9770568987984,-60.4417962484603,-28.864228675429));
#3441=CARTESIAN_POINT('Origin',(109.010570935574,-125.923201580787,-28.864228675429));
#3442=CARTESIAN_POINT('',(113.010570935574,-125.923201580787,-28.864228675429));
#3443=CARTESIAN_POINT('',(109.010570935574,-125.923201580787,-28.864228675429));
#3444=CARTESIAN_POINT('',(67.0167570183877,-125.923201580787,-28.864228675429));
#3445=CARTESIAN_POINT('',(113.010570935574,-125.923201580787,-14.864228675429));
#3446=CARTESIAN_POINT('',(113.010570935574,-125.923201580787,-28.864228675429));
#3447=CARTESIAN_POINT('',(109.010570935574,-125.923201580787,-14.864228675429));
#3448=CARTESIAN_POINT('',(109.010570935574,-125.923201580787,-14.864228675429));
#3449=CARTESIAN_POINT('',(109.010570935574,-125.923201580787,-28.864228675429));
#3450=CARTESIAN_POINT('Origin',(109.010570935574,-121.923201580787,-28.864228675429));
#3451=CARTESIAN_POINT('',(109.010570935574,-121.923201580787,-28.864228675429));
#3452=CARTESIAN_POINT('',(109.010570935574,-102.432498914624,-28.864228675429));
#3453=CARTESIAN_POINT('',(109.010570935574,-121.923201580787,-14.864228675429));
#3454=CARTESIAN_POINT('',(109.010570935574,-121.923201580787,-14.864228675429));
#3455=CARTESIAN_POINT('',(109.010570935574,-121.923201580787,-28.864228675429));
#3456=CARTESIAN_POINT('Origin',(113.010570935574,-121.923201580787,-28.864228675429));
#3457=CARTESIAN_POINT('',(113.010570935574,-121.923201580787,-28.864228675429));
#3458=CARTESIAN_POINT('',(69.0167570183877,-121.923201580787,-28.864228675429));
#3459=CARTESIAN_POINT('',(113.010570935574,-121.923201580787,-14.864228675429));
#3460=CARTESIAN_POINT('',(113.010570935574,-121.923201580787,-14.864228675429));
#3461=CARTESIAN_POINT('',(113.010570935574,-121.923201580787,-28.864228675429));
#3462=CARTESIAN_POINT('Origin',(113.010570935574,-125.923201580787,-28.864228675429));
#3463=CARTESIAN_POINT('',(113.010570935574,-104.432498914624,-28.864228675429));
#3464=CARTESIAN_POINT('',(113.010570935574,-125.923201580787,-14.864228675429));
#3465=CARTESIAN_POINT('Origin',(111.010570935574,-123.923201580787,-14.864228675429));
#3466=CARTESIAN_POINT('Origin',(109.250134696364,-43.9417962484603,-28.864228675429));
#3467=CARTESIAN_POINT('',(109.250134696364,-43.9417962484603,-28.864228675429));
#3468=CARTESIAN_POINT('',(67.1365388987829,-43.9417962484603,-28.864228675429));
#3469=CARTESIAN_POINT('',(113.022943101202,-43.9417962484603,-14.864228675429));
#3470=CARTESIAN_POINT('',(113.022943101202,-43.9417962484603,-28.864228675429));
#3471=CARTESIAN_POINT('',(109.250134696364,-43.9417962484603,-14.864228675429));
#3472=CARTESIAN_POINT('',(113.250134696364,-43.9417962484603,-14.864228675429));
#3473=CARTESIAN_POINT('',(109.250134696364,-43.9417962484603,-28.864228675429));
#3474=CARTESIAN_POINT('Origin',(109.250134696364,-39.9417962484603,-28.864228675429));
#3475=CARTESIAN_POINT('',(109.250134696364,-39.9417962484603,-28.864228675429));
#3476=CARTESIAN_POINT('',(109.250134696364,-61.4417962484603,-28.864228675429));
#3477=CARTESIAN_POINT('',(109.250134696364,-39.9417962484603,-14.864228675429));
#3478=CARTESIAN_POINT('',(109.250134696364,-43.9417962484603,-14.864228675429));
#3479=CARTESIAN_POINT('',(109.250134696364,-39.9417962484603,-19.2490160506746));
#3480=CARTESIAN_POINT('',(109.250134696364,-39.9417962484603,-28.864228675429));
#3481=CARTESIAN_POINT('',(109.250134696364,-39.9417962484603,-29.864228675429));
#3482=CARTESIAN_POINT('Origin',(113.022943101202,-39.9417962484603,-28.864228675429));
#3483=CARTESIAN_POINT('',(113.022943101202,-39.9417962484603,-19.2490160506746));
#3484=CARTESIAN_POINT('',(70.0229431012016,-39.9417962484603,-19.2490160506746));
#3485=CARTESIAN_POINT('',(113.022943101202,-39.9417962484603,-14.864228675429));
#3486=CARTESIAN_POINT('',(109.250134696364,-39.9417962484603,-14.864228675429));
#3487=CARTESIAN_POINT('',(113.022943101202,-39.9417962484603,-28.864228675429));
#3488=CARTESIAN_POINT('Origin',(113.022943101202,-43.9417962484603,-28.864228675429));
#3489=CARTESIAN_POINT('',(113.022943101202,-105.44179624846,-19.2490160506746));
#3490=CARTESIAN_POINT('',(113.022943101202,-125.94179624846,-14.864228675429));
#3491=CARTESIAN_POINT('Origin',(111.136538898783,-41.9417962484603,-14.864228675429));
#3492=CARTESIAN_POINT('Origin',(-58.9770568987984,-39.9417962484603,-28.864228675429));
#3493=CARTESIAN_POINT('',(-58.9770568987984,-39.9417962484603,-19.2490160506746));
#3494=CARTESIAN_POINT('',(-62.9770568987984,-39.9417962484603,-19.2490160506746));
#3495=CARTESIAN_POINT('',(70.0229431012016,-39.9417962484603,-19.2490160506746));
#3496=CARTESIAN_POINT('',(-62.9770568987984,-39.9417962484603,-14.864228675429));
#3497=CARTESIAN_POINT('',(-62.9770568987984,-39.9417962484603,-28.864228675429));
#3498=CARTESIAN_POINT('',(-58.9770568987984,-39.9417962484603,-14.864228675429));
#3499=CARTESIAN_POINT('',(-62.9770568987984,-39.9417962484603,-14.864228675429));
#3500=CARTESIAN_POINT('',(-58.9770568987984,-39.9417962484603,-28.864228675429));
#3501=CARTESIAN_POINT('Origin',(-62.9770568987984,-39.9417962484603,-28.864228675429));
#3502=CARTESIAN_POINT('',(-62.9770568987984,-60.4417962484603,-19.2490160506746));
#3503=CARTESIAN_POINT('',(-62.9770568987984,-43.9417962484603,-14.864228675429));
#3504=CARTESIAN_POINT('',(-62.9770568987984,-43.9417962484603,-28.864228675429));
#3505=CARTESIAN_POINT('',(-62.9770568987984,-43.9417962484603,-14.864228675429));
#3506=CARTESIAN_POINT('Origin',(-58.9770568987984,-43.9417962484603,-28.864228675429));
#3507=CARTESIAN_POINT('',(-58.9770568987984,-39.9417962484603,-28.864228675429));
#3508=CARTESIAN_POINT('',(-58.9770568987984,-43.9417962484603,-28.864228675429));
#3509=CARTESIAN_POINT('',(-58.9770568987984,-63.4417962484603,-28.864228675429));
#3510=CARTESIAN_POINT('',(-58.9770568987984,-39.9417962484603,-29.864228675429));
#3511=CARTESIAN_POINT('',(-58.9770568987984,-43.9417962484603,-14.864228675429));
#3512=CARTESIAN_POINT('',(-58.9770568987984,-39.9417962484603,-14.864228675429));
#3513=CARTESIAN_POINT('',(-58.9770568987984,-43.9417962484603,-28.864228675429));
#3514=CARTESIAN_POINT('Origin',(-62.9770568987984,-43.9417962484603,-28.864228675429));
#3515=CARTESIAN_POINT('',(-18.9770568987984,-43.9417962484603,-28.864228675429));
#3516=CARTESIAN_POINT('',(-58.9770568987984,-43.9417962484603,-14.864228675429));
#3517=CARTESIAN_POINT('Origin',(-60.9770568987984,-41.9417962484603,-14.864228675429));
#3518=CARTESIAN_POINT('Origin',(25.0229431012016,-82.9417962484603,-28.864228675429));
#3519=CARTESIAN_POINT('',(65.0229431012016,-39.9417962484603,-28.864228675429));
#3520=CARTESIAN_POINT('',(70.0229431012016,-39.9417962484603,-28.864228675429));
#3521=CARTESIAN_POINT('',(65.0229431012016,-67.9417962484603,-28.864228675429));
#3522=CARTESIAN_POINT('',(65.0229431012016,-60.4417962484603,-28.864228675429));
#3523=CARTESIAN_POINT('',(-24.9770568987984,-67.9417962484603,-28.864228675429));
#3524=CARTESIAN_POINT('',(22.5229431012016,-67.9417962484603,-28.864228675429));
#3525=CARTESIAN_POINT('',(-24.9770568987984,-39.9417962484603,-28.864228675429));
#3526=CARTESIAN_POINT('',(-24.9770568987984,-60.4417962484603,-28.864228675429));
#3527=CARTESIAN_POINT('',(70.0229431012016,-39.9417962484603,-28.864228675429));
#3528=CARTESIAN_POINT('',(-58.9770568987984,-121.922873642385,-28.864228675429));
#3529=CARTESIAN_POINT('',(-16.9770568987984,-121.922873642385,-28.864228675429));
#3530=CARTESIAN_POINT('',(-58.9770568987984,-125.922873642385,-28.864228675429));
#3531=CARTESIAN_POINT('',(-58.9770568987984,-104.432334945423,-28.864228675429));
#3532=CARTESIAN_POINT('',(-62.9770568987984,-125.922873642385,-28.864228675429));
#3533=CARTESIAN_POINT('',(-18.9770568987984,-125.922873642385,-28.864228675429));
#3534=CARTESIAN_POINT('',(-62.9770568987984,-125.94179624846,-28.864228675429));
#3535=CARTESIAN_POINT('',(-62.9770568987984,-60.4417962484603,-28.864228675429));
#3536=CARTESIAN_POINT('',(-19.9770568987984,-125.94179624846,-28.864228675429));
#3537=CARTESIAN_POINT('Origin',(-62.9770568987984,-121.922873642385,-28.864228675429));
#3538=CARTESIAN_POINT('',(-62.9770568987984,-125.922873642385,-19.2490160506746));
#3539=CARTESIAN_POINT('',(-62.9770568987984,-60.4417962484603,-19.2490160506746));
#3540=CARTESIAN_POINT('',(-62.9770568987984,-125.922873642385,-14.864228675429));
#3541=CARTESIAN_POINT('',(-62.9770568987984,-125.922873642385,-28.864228675429));
#3542=CARTESIAN_POINT('',(-62.9770568987984,-121.922873642385,-14.864228675429));
#3543=CARTESIAN_POINT('',(-62.9770568987984,-125.922873642385,-14.864228675429));
#3544=CARTESIAN_POINT('',(-62.9770568987984,-121.922873642385,-28.864228675429));
#3545=CARTESIAN_POINT('Origin',(-58.9770568987984,-121.922873642385,-28.864228675429));
#3546=CARTESIAN_POINT('',(-58.9770568987984,-121.922873642385,-14.864228675429));
#3547=CARTESIAN_POINT('',(-62.9770568987984,-121.922873642385,-14.864228675429));
#3548=CARTESIAN_POINT('',(-58.9770568987984,-121.922873642385,-28.864228675429));
#3549=CARTESIAN_POINT('Origin',(-58.9770568987984,-125.922873642385,-28.864228675429));
#3550=CARTESIAN_POINT('',(-58.9770568987984,-125.922873642385,-14.864228675429));
#3551=CARTESIAN_POINT('',(-58.9770568987984,-121.922873642385,-14.864228675429));
#3552=CARTESIAN_POINT('',(-58.9770568987984,-125.922873642385,-28.864228675429));
#3553=CARTESIAN_POINT('Origin',(-62.9770568987984,-125.922873642385,-28.864228675429));
#3554=CARTESIAN_POINT('',(-58.9770568987984,-125.922873642385,-14.864228675429));
#3555=CARTESIAN_POINT('',(-62.9770568987984,-125.922873642385,-29.864228675429));
#3556=CARTESIAN_POINT('Origin',(-60.9770568987984,-123.922873642385,-14.864228675429));
#3557=CARTESIAN_POINT('Origin',(25.0229431012016,-82.9417962484603,-19.2490160506746));
#3558=CARTESIAN_POINT('',(115.022943101202,-125.94179624846,-19.2490160506746));
#3559=CARTESIAN_POINT('',(113.022943101202,-127.94179624846,-19.2490160506746));
#3560=CARTESIAN_POINT('Origin',(113.022943101202,-125.94179624846,-19.2490160506746));
#3561=CARTESIAN_POINT('',(115.022943101202,-39.9417962484603,-19.2490160506746));
#3562=CARTESIAN_POINT('',(115.022943101202,-105.44179624846,-19.2490160506746));
#3563=CARTESIAN_POINT('',(113.022943101202,-37.9417962484603,-19.2490160506746));
#3564=CARTESIAN_POINT('Origin',(113.022943101202,-39.9417962484603,-19.2490160506746));
#3565=CARTESIAN_POINT('',(65.5713317597709,-37.9417962484603,-19.2490160506746));
#3566=CARTESIAN_POINT('',(70.0229431012016,-37.9417962484603,-19.2490160506746));
#3567=CARTESIAN_POINT('',(63.5713317597709,-39.9417962484603,-19.2490160506746));
#3568=CARTESIAN_POINT('Origin',(65.5713317597709,-39.9417962484603,-19.2490160506746));
#3569=CARTESIAN_POINT('',(63.5713317597709,-48.9540006216754,-19.2490160506746));
#3570=CARTESIAN_POINT('',(63.5713317597709,-67.1473633084452,-19.2490160506746));
#3571=CARTESIAN_POINT('',(-22.1200710440494,-48.9540006216754,-19.2490160506746));
#3572=CARTESIAN_POINT('',(22.8742867295312,-48.9540006216754,-19.2490160506746));
#3573=CARTESIAN_POINT('',(-22.1200710440494,-39.9417962484603,-19.2490160506746));
#3574=CARTESIAN_POINT('',(-22.1200710440494,-53.4984680579525,-19.2490160506746));
#3575=CARTESIAN_POINT('',(-24.1200710440494,-37.9417962484603,-19.2490160506746));
#3576=CARTESIAN_POINT('Origin',(-24.1200710440494,-39.9417962484603,-19.2490160506746));
#3577=CARTESIAN_POINT('',(-62.9770568987984,-37.9417962484603,-19.2490160506746));
#3578=CARTESIAN_POINT('',(70.0229431012016,-37.9417962484603,-19.2490160506746));
#3579=CARTESIAN_POINT('',(-64.9770568987984,-39.9417962484603,-19.2490160506746));
#3580=CARTESIAN_POINT('Origin',(-62.9770568987984,-39.9417962484603,-19.2490160506746));
#3581=CARTESIAN_POINT('',(-64.9770568987984,-125.94179624846,-19.2490160506746));
#3582=CARTESIAN_POINT('',(-64.9770568987984,-60.4417962484603,-19.2490160506746));
#3583=CARTESIAN_POINT('',(-62.9770568987984,-127.94179624846,-19.2490160506746));
#3584=CARTESIAN_POINT('Origin',(-62.9770568987984,-125.94179624846,-19.2490160506746));
#3585=CARTESIAN_POINT('',(-19.9770568987984,-127.94179624846,-19.2490160506746));
#3586=CARTESIAN_POINT('',(-24.9770568987984,-39.9417962484603,-19.2490160506746));
#3587=CARTESIAN_POINT('',(70.0229431012016,-39.9417962484603,-19.2490160506746));
#3588=CARTESIAN_POINT('',(-24.9770568987984,-58.3265836237059,-19.2490160506746));
#3589=CARTESIAN_POINT('',(-24.9770568987984,-60.4417962484603,-19.2490160506746));
#3590=CARTESIAN_POINT('',(65.0229431012016,-58.3265836237059,-19.2490160506746));
#3591=CARTESIAN_POINT('',(45.0229431012016,-58.3265836237059,-19.2490160506746));
#3592=CARTESIAN_POINT('',(65.0229431012016,-39.9417962484603,-19.2490160506746));
#3593=CARTESIAN_POINT('',(65.0229431012016,-60.4417962484603,-19.2490160506746));
#3594=CARTESIAN_POINT('',(70.0229431012016,-39.9417962484603,-19.2490160506746));
#3595=CARTESIAN_POINT('',(-62.9770568987984,-125.94179624846,-19.2490160506746));
#3596=CARTESIAN_POINT('',(-19.9770568987984,-125.94179624846,-19.2490160506746));
#3597=CARTESIAN_POINT('',(-62.9770568987984,-60.4417962484603,-19.2490160506746));
#3598=CARTESIAN_POINT('Origin',(-22.1200710440494,-24.0551398674447,-16.9775722944135));
#3599=CARTESIAN_POINT('',(-22.1200710440494,-58.5692132464299,-28.864228675429));
#3600=CARTESIAN_POINT('',(-22.1200710440494,-35.3688483664295,-5.6638637954287));
#3601=CARTESIAN_POINT('',(-22.1200710440494,-42.9417962484603,-28.864228675429));
#3602=CARTESIAN_POINT('',(-22.1200710440494,-53.4984680579525,-28.864228675429));
#3603=CARTESIAN_POINT('',(-22.1200710440494,-39.9417962484603,-25.864228675429));
#3604=CARTESIAN_POINT('Origin',(-22.1200710440494,-42.9417962484603,-25.864228675429));
#3605=CARTESIAN_POINT('',(-22.1200710440494,-39.9417962484603,-23.9209004849213));
#3606=CARTESIAN_POINT('Origin',(20.7256303578608,-49.0177436169222,-19.3127590459214));
#3607=CARTESIAN_POINT('',(63.5713317597709,-58.5692132464299,-28.864228675429));
#3608=CARTESIAN_POINT('',(63.5713317597709,-62.6666388674149,-32.9616542964141));
#3609=CARTESIAN_POINT('',(64.1571181973978,-59.9834268088029,-30.2784422378021));
#3610=CARTESIAN_POINT('Origin',(65.5713317597709,-58.5692132464299,-28.864228675429));
#3611=CARTESIAN_POINT('',(-22.7058574816763,-59.9834268088029,-30.2784422378021));
#3612=CARTESIAN_POINT('',(22.8742867295312,-59.9834268088029,-30.2784422378021));
#3613=CARTESIAN_POINT('Origin',(-24.1200710440494,-58.5692132464299,-28.864228675429));
#3614=CARTESIAN_POINT('Origin',(63.5713317597709,-51.3529303684301,-44.2753627953988));
#3615=CARTESIAN_POINT('',(63.5713317597709,-39.9417962484603,-25.864228675429));
#3616=CARTESIAN_POINT('',(63.5713317597709,-39.9417962484603,-37.5697957354139));
#3617=CARTESIAN_POINT('',(63.5713317597709,-42.9417962484603,-28.864228675429));
#3618=CARTESIAN_POINT('Origin',(63.5713317597709,-42.9417962484603,-25.864228675429));
#3619=CARTESIAN_POINT('',(63.5713317597709,-67.1473633084452,-28.864228675429));
#3620=CARTESIAN_POINT('Origin',(65.5713317597709,-39.9417962484603,-37.5697957354139));
#3621=CARTESIAN_POINT('',(65.5713317597709,-37.9417962484603,-25.864228675429));
#3622=CARTESIAN_POINT('',(65.5713317597709,-37.9417962484603,-37.5697957354139));
#3623=CARTESIAN_POINT('Origin',(65.5713317597709,-39.9417962484603,-25.864228675429));
#3624=CARTESIAN_POINT('Origin',(115.022943101202,-37.9417962484603,-30.864228675429));
#3625=CARTESIAN_POINT('',(113.022943101202,-37.9417962484603,-25.864228675429));
#3626=CARTESIAN_POINT('',(113.022943101202,-37.9417962484603,-30.864228675429));
#3627=CARTESIAN_POINT('',(70.0229431012016,-37.9417962484603,-25.864228675429));
#3628=CARTESIAN_POINT('Origin',(113.022943101202,-39.9417962484603,-30.864228675429));
#3629=CARTESIAN_POINT('',(115.022943101202,-39.9417962484603,-25.864228675429));
#3630=CARTESIAN_POINT('',(115.022943101202,-39.9417962484603,-30.864228675429));
#3631=CARTESIAN_POINT('Origin',(113.022943101202,-39.9417962484603,-25.864228675429));
#3632=CARTESIAN_POINT('Origin',(115.022943101202,-127.94179624846,-30.864228675429));
#3633=CARTESIAN_POINT('',(115.022943101202,-125.94179624846,-25.864228675429));
#3634=CARTESIAN_POINT('',(115.022943101202,-125.94179624846,-30.864228675429));
#3635=CARTESIAN_POINT('',(115.022943101202,-122.94179624846,-28.864228675429));
#3636=CARTESIAN_POINT('Origin',(115.022943101202,-122.94179624846,-25.864228675429));
#3637=CARTESIAN_POINT('',(115.022943101202,-42.9417962484603,-28.864228675429));
#3638=CARTESIAN_POINT('',(115.022943101202,-105.44179624846,-28.864228675429));
#3639=CARTESIAN_POINT('Origin',(115.022943101202,-42.9417962484603,-25.864228675429));
#3640=CARTESIAN_POINT('Origin',(65.0229431012016,-37.9417962484603,-30.864228675429));
#3641=CARTESIAN_POINT('',(65.0229431012016,-46.9417962484603,-7.86422867542905));
#3642=CARTESIAN_POINT('',(65.0229431012016,-39.9417962484603,-30.864228675429));
#3643=CARTESIAN_POINT('Origin',(65.0229431012016,-39.9417962484603,-0.864228675429048));
#3644=CARTESIAN_POINT('',(-24.9770568987984,-39.4417962484603,-0.36422867542905));
#3645=CARTESIAN_POINT('Origin',(-24.9770568987984,-37.9417962484603,-0.864228675429048));
#3646=CARTESIAN_POINT('',(-24.9770568987984,-39.9417962484603,-15.864228675429));
#3647=CARTESIAN_POINT('Origin',(115.022943101202,-39.9417962484603,-30.864228675429));
#3648=CARTESIAN_POINT('Origin',(-62.9770568987984,-125.94179624846,-30.864228675429));
#3649=CARTESIAN_POINT('',(-64.9770568987984,-125.94179624846,-25.864228675429));
#3650=CARTESIAN_POINT('',(-64.9770568987984,-125.94179624846,-30.864228675429));
#3651=CARTESIAN_POINT('',(-62.9770568987984,-127.94179624846,-25.864228675429));
#3652=CARTESIAN_POINT('Origin',(-62.9770568987984,-125.94179624846,-25.864228675429));
#3653=CARTESIAN_POINT('',(-62.9770568987984,-127.94179624846,-30.864228675429));
#3654=CARTESIAN_POINT('Origin',(-62.9770568987984,-122.94179624846,-25.864228675429));
#3655=CARTESIAN_POINT('',(-64.9770568987984,-122.94179624846,-28.864228675429));
#3656=CARTESIAN_POINT('',(-62.9770568987984,-122.94179624846,-30.864228675429));
#3657=CARTESIAN_POINT('Origin',(-62.9770568987984,-122.94179624846,-28.864228675429));
#3658=CARTESIAN_POINT('Origin',(-62.9770568987984,-122.94179624846,-25.864228675429));
#3659=CARTESIAN_POINT('Origin',(-64.9770568987984,-122.94179624846,-25.864228675429));
#3660=CARTESIAN_POINT('Origin',(-62.9770568987984,-60.4417962484603,-28.864228675429));
#3661=CARTESIAN_POINT('',(-64.9770568987984,-42.9417962484603,-28.864228675429));
#3662=CARTESIAN_POINT('',(-62.9770568987984,-42.9417962484603,-30.864228675429));
#3663=CARTESIAN_POINT('Origin',(-62.9770568987984,-42.9417962484603,-28.864228675429));
#3664=CARTESIAN_POINT('',(-62.9770568987984,-60.4417962484603,-30.864228675429));
#3665=CARTESIAN_POINT('',(-64.9770568987984,-60.4417962484603,-28.864228675429));
#3666=CARTESIAN_POINT('Origin',(-62.9770568987984,-42.9417962484603,-25.864228675429));
#3667=CARTESIAN_POINT('',(-64.9770568987984,-39.9417962484603,-25.864228675429));
#3668=CARTESIAN_POINT('',(-62.9770568987984,-37.9417962484603,-25.864228675429));
#3669=CARTESIAN_POINT('Origin',(-62.9770568987984,-39.9417962484603,-25.864228675429));
#3670=CARTESIAN_POINT('Origin',(-62.9770568987984,-42.9417962484603,-25.864228675429));
#3671=CARTESIAN_POINT('Origin',(-64.9770568987984,-42.9417962484603,-25.864228675429));
#3672=CARTESIAN_POINT('Origin',(-62.9770568987984,-39.9417962484603,-30.864228675429));
#3673=CARTESIAN_POINT('',(-62.9770568987984,-37.9417962484603,-30.864228675429));
#3674=CARTESIAN_POINT('',(-64.9770568987984,-39.9417962484603,-30.864228675429));
#3675=CARTESIAN_POINT('Origin',(115.022943101202,-37.9417962484603,-30.864228675429));
#3676=CARTESIAN_POINT('',(-24.1200710440494,-37.9417962484603,-25.864228675429));
#3677=CARTESIAN_POINT('',(-24.1200710440494,-37.9417962484603,-23.9209004849213));
#3678=CARTESIAN_POINT('',(70.0229431012016,-37.9417962484603,-25.864228675429));
#3679=CARTESIAN_POINT('Origin',(-64.9770568987984,-37.9417962484603,-30.864228675429));
#3680=CARTESIAN_POINT('Origin',(113.022943101202,-125.94179624846,-30.864228675429));
#3681=CARTESIAN_POINT('',(113.022943101202,-127.94179624846,-25.864228675429));
#3682=CARTESIAN_POINT('',(113.022943101202,-127.94179624846,-30.864228675429));
#3683=CARTESIAN_POINT('Origin',(113.022943101202,-125.94179624846,-25.864228675429));
#3684=CARTESIAN_POINT('Origin',(113.022943101202,-122.94179624846,-25.864228675429));
#3685=CARTESIAN_POINT('',(113.022943101202,-122.94179624846,-30.864228675429));
#3686=CARTESIAN_POINT('Origin',(113.022943101202,-122.94179624846,-28.864228675429));
#3687=CARTESIAN_POINT('Origin',(113.022943101202,-122.94179624846,-25.864228675429));
#3688=CARTESIAN_POINT('Origin',(113.022943101202,-105.44179624846,-28.864228675429));
#3689=CARTESIAN_POINT('',(113.022943101202,-42.9417962484603,-30.864228675429));
#3690=CARTESIAN_POINT('Origin',(113.022943101202,-42.9417962484603,-28.864228675429));
#3691=CARTESIAN_POINT('',(113.022943101202,-105.44179624846,-30.864228675429));
#3692=CARTESIAN_POINT('Origin',(113.022943101202,-42.9417962484603,-25.864228675429));
#3693=CARTESIAN_POINT('Origin',(113.022943101202,-42.9417962484603,-25.864228675429));
#3694=CARTESIAN_POINT('Origin',(70.0229431012016,-42.9417962484603,-25.864228675429));
#3695=CARTESIAN_POINT('',(65.5713317597709,-42.9417962484603,-30.864228675429));
#3696=CARTESIAN_POINT('',(70.0229431012016,-42.9417962484603,-30.864228675429));
#3697=CARTESIAN_POINT('Origin',(65.5713317597709,-42.9417962484603,-25.864228675429));
#3698=CARTESIAN_POINT('Origin',(25.0229431012016,-82.9417962484603,-30.864228675429));
#3699=CARTESIAN_POINT('',(-24.1200710440494,-42.9417962484603,-30.864228675429));
#3700=CARTESIAN_POINT('',(70.0229431012016,-42.9417962484603,-30.864228675429));
#3701=CARTESIAN_POINT('',(-24.1200710440494,-61.397640371176,-30.864228675429));
#3702=CARTESIAN_POINT('',(-24.1200710440494,-53.4984680579525,-30.864228675429));
#3703=CARTESIAN_POINT('',(65.5713317597709,-61.397640371176,-30.864228675429));
#3704=CARTESIAN_POINT('',(22.8742867295312,-61.397640371176,-30.864228675429));
#3705=CARTESIAN_POINT('',(65.5713317597709,-67.1473633084452,-30.864228675429));
#3706=CARTESIAN_POINT('',(-19.9770568987984,-122.94179624846,-30.864228675429));
#3707=CARTESIAN_POINT('Origin',(-19.9770568987984,-122.94179624846,-25.864228675429));
#3708=CARTESIAN_POINT('',(-19.9770568987984,-127.94179624846,-25.864228675429));
#3709=CARTESIAN_POINT('Origin',(-64.9770568987984,-127.94179624846,-30.864228675429));
#3710=CARTESIAN_POINT('Origin',(65.5713317597709,-67.1473633084452,-28.864228675429));
#3711=CARTESIAN_POINT('Origin',(65.5713317597709,-42.9417962484603,-28.864228675429));
#3712=CARTESIAN_POINT('Origin',(65.5713317597709,-61.397640371176,-28.864228675429));
#3713=CARTESIAN_POINT('Origin',(-24.1200710440494,-39.9417962484603,-23.9209004849213));
#3714=CARTESIAN_POINT('Origin',(-24.1200710440494,-39.9417962484603,-25.864228675429));
#3715=CARTESIAN_POINT('Origin',(-24.1200710440494,-42.9417962484603,-25.864228675429));
#3716=CARTESIAN_POINT('Origin',(-24.1200710440494,-42.9417962484603,-28.864228675429));
#3717=CARTESIAN_POINT('Origin',(-24.1200710440494,-42.9417962484603,-25.864228675429));
#3718=CARTESIAN_POINT('Origin',(-24.1200710440494,-53.4984680579525,-28.864228675429));
#3719=CARTESIAN_POINT('Origin',(-24.1200710440494,-61.397640371176,-28.864228675429));
#3720=CARTESIAN_POINT('Origin',(22.8742867295312,-61.397640371176,-28.864228675429));
#3721=CARTESIAN_POINT('Origin',(65.5713317597709,-42.9417962484603,-25.864228675429));
#3722=CARTESIAN_POINT('Origin',(70.0229431012016,-42.9417962484603,-25.864228675429));
#3723=CARTESIAN_POINT('Origin',(-62.9770568987984,-37.9417962484603,-30.864228675429));
#3724=CARTESIAN_POINT('',(-62.9770568987984,-125.94179624846,-30.864228675429));
#3725=CARTESIAN_POINT('Origin',(115.022943101202,-39.9417962484603,-30.864228675429));
#3726=CARTESIAN_POINT('Origin',(-64.9770568987984,-125.94179624846,-30.864228675429));
#3727=UNCERTAINTY_MEASURE_WITH_UNIT(LENGTH_MEASURE(0.01),#3731,
'DISTANCE_ACCURACY_VALUE',
'Maximum model space distance between geometric entities at asserted c
onnectivities');
#3728=UNCERTAINTY_MEASURE_WITH_UNIT(LENGTH_MEASURE(0.01),#3731,
'DISTANCE_ACCURACY_VALUE',
'Maximum model space distance between geometric entities at asserted c
onnectivities');
#3729=(
GEOMETRIC_REPRESENTATION_CONTEXT(3)
GLOBAL_UNCERTAINTY_ASSIGNED_CONTEXT((#3727))
GLOBAL_UNIT_ASSIGNED_CONTEXT((#3731,#3733,#3734))
REPRESENTATION_CONTEXT('','3D')
);
#3730=(
GEOMETRIC_REPRESENTATION_CONTEXT(3)
GLOBAL_UNCERTAINTY_ASSIGNED_CONTEXT((#3728))
GLOBAL_UNIT_ASSIGNED_CONTEXT((#3731,#3733,#3734))
REPRESENTATION_CONTEXT('','3D')
);
#3731=(
LENGTH_UNIT()
NAMED_UNIT(*)
SI_UNIT(.MILLI.,.METRE.)
);
#3732=(
LENGTH_UNIT()
NAMED_UNIT(*)
SI_UNIT($,.METRE.)
);
#3733=(
NAMED_UNIT(*)
PLANE_ANGLE_UNIT()
SI_UNIT($,.RADIAN.)
);
#3734=(
NAMED_UNIT(*)
SI_UNIT($,.STERADIAN.)
SOLID_ANGLE_UNIT()
);
#3735=SHAPE_DEFINITION_REPRESENTATION(#3736,#3737);
#3736=PRODUCT_DEFINITION_SHAPE('',$,#3739);
#3737=SHAPE_REPRESENTATION('',(#2233),#3729);
#3738=PRODUCT_DEFINITION_CONTEXT('part definition',#3743,'design');
#3739=PRODUCT_DEFINITION('2026-05-05-17-50-19-673',
'aether pad case split',#3740,#3738);
#3740=PRODUCT_DEFINITION_FORMATION('',$,#3745);
#3741=PRODUCT_RELATED_PRODUCT_CATEGORY('aether pad case split',
'aether pad case split',(#3745));
#3742=APPLICATION_PROTOCOL_DEFINITION('international standard',
'automotive_design',2009,#3743);
#3743=APPLICATION_CONTEXT(
'Core Data for Automotive Mechanical Design Process');
#3744=PRODUCT_CONTEXT('part definition',#3743,'mechanical');
#3745=PRODUCT('2026-05-05-17-50-19-673','aether pad case split',$,(#3744));
#3746=PRESENTATION_STYLE_ASSIGNMENT((#3747));
#3747=SURFACE_STYLE_USAGE(.BOTH.,#3748);
#3748=SURFACE_SIDE_STYLE('',(#3749));
#3749=SURFACE_STYLE_FILL_AREA(#3750);
#3750=FILL_AREA_STYLE('Steel - Satin',(#3751));
#3751=FILL_AREA_STYLE_COLOUR('Steel - Satin',#3752);
#3752=COLOUR_RGB('Steel - Satin',0.627450980392157,0.627450980392157,0.627450980392157);
ENDSEC;
END-ISO-10303-21;
